Date,Temp,Humidity_Pcnt,Radiation,Precip,Temp_Feels,Clouds_Pcnt,Wind,Year,Month,Day,Weekday
2009-05-01,65.4,85.9,86.0,0.3,65.2,92.3,11.5,2009,5,1,4
2009-05-02,64.1,82.8,152.5,0.2,64.4,97.8,4.9,2009,5,2,5
2009-05-03,56.3,95.3,23.9,0.9,55.0,100.0,6.0,2009,5,3,6
2009-05-04,52.8,96.7,21.1,0.8,50.0,100.0,8.6,2009,5,4,0
2009-05-05,55.2,90.2,132.8,0.1,54.5,99.4,4.2,2009,5,5,1
2009-05-06,59.5,89.8,180.2,0.2,58.9,85.8,6.9,2009,5,6,2
2009-05-07,66.6,90.0,213.2,0.7,67.9,76.9,8.5,2009,5,7,3
2009-05-08,66.8,79.5,192.5,0.0,67.5,72.6,6.5,2009,5,8,4
2009-05-09,73.0,72.5,237.0,0.0,74.6,81.9,12.0,2009,5,9,5
2009-05-10,62.4,58.5,317.7,0.0,61.6,28.8,11.2,2009,5,10,6
2009-05-11,55.1,77.7,125.3,0.1,53.5,94.9,6.8,2009,5,11,0
2009-05-12,54.7,74.7,333.7,0.0,53.6,7.8,5.5,2009,5,12,1
2009-05-13,58.2,63.1,285.2,0.0,57.2,45.5,8.0,2009,5,13,2
2009-05-14,65.4,82.0,152.8,1.2,65.8,82.6,12.8,2009,5,14,3
2009-05-15,69.9,90.2,228.4,0.6,71.4,72.0,5.1,2009,5,15,4
2009-05-16,70.8,90.1,162.4,0.5,72.7,86.3,9.2,2009,5,16,5
2009-05-17,58.6,70.7,155.7,0.1,56.7,94.0,10.5,2009,5,17,6
2009-05-18,53.3,49.2,205.4,0.0,50.8,93.5,8.6,2009,5,18,0
2009-05-19,54.0,64.2,351.0,0.0,53.2,6.9,3.8,2009,5,19,1
2009-05-20,58.6,64.2,347.4,0.0,58.5,16.0,5.6,2009,5,20,2
2009-05-21,63.0,71.4,348.5,0.0,63.3,15.6,6.3,2009,5,21,3
2009-05-22,69.8,76.7,205.3,0.0,70.9,87.5,6.1,2009,5,22,4
2009-05-23,73.3,72.2,308.2,0.0,74.9,53.4,8.5,2009,5,23,5
2009-05-24,72.6,78.2,213.5,0.0,74.4,75.2,8.6,2009,5,24,6
2009-05-25,71.8,92.1,196.0,1.2,74.1,97.0,3.8,2009,5,25,0
2009-05-26,61.5,93.2,90.9,0.3,59.9,99.7,11.2,2009,5,26,1
2009-05-27,64.9,87.8,215.0,0.0,65.6,78.5,4.7,2009,5,27,2
2009-05-28,69.7,88.4,221.6,0.2,71.3,84.2,6.4,2009,5,28,3
2009-05-29,70.1,89.3,185.0,0.5,71.6,90.6,4.9,2009,5,29,4
2009-05-30,65.7,71.0,329.7,0.0,66.4,11.1,5.5,2009,5,30,5
2009-05-31,67.1,67.2,308.2,0.0,67.8,23.1,5.7,2009,5,31,6
2009-06-01,64.1,61.9,337.8,0.0,64.7,15.4,7.3,2009,6,1,0
2009-06-02,75.0,71.8,267.5,0.0,77.4,48.1,5.6,2009,6,2,1
2009-06-03,71.5,78.7,183.5,0.9,73.3,70.4,5.4,2009,6,3,2
2009-06-04,59.4,94.9,68.2,0.4,58.5,98.6,7.3,2009,6,4,3
2009-06-05,59.3,97.4,22.3,1.4,57.9,100.0,8.8,2009,6,5,4
2009-06-06,65.1,86.2,209.8,0.0,66.0,57.8,4.2,2009,6,6,5
2009-06-07,69.3,81.4,306.8,0.0,70.6,36.9,6.1,2009,6,7,6
2009-06-08,74.5,82.4,257.2,0.0,77.6,60.5,5.3,2009,6,8,0
2009-06-09,74.5,85.4,213.0,0.4,77.7,85.7,4.9,2009,6,9,1
2009-06-10,71.5,84.8,215.8,0.1,73.3,77.4,4.2,2009,6,10,2
2009-06-11,71.7,95.1,153.5,0.6,74.5,93.3,6.8,2009,6,11,3
2009-06-12,74.0,87.7,317.2,0.2,77.4,25.4,5.9,2009,6,12,4
2009-06-13,72.4,90.9,240.1,0.6,74.8,32.1,3.4,2009,6,13,5
2009-06-14,70.2,77.8,310.5,0.1,71.2,59.3,5.5,2009,6,14,6
2009-06-15,69.8,81.3,275.9,0.0,71.2,43.0,5.2,2009,6,15,0
2009-06-16,68.4,83.3,249.4,0.0,69.5,84.5,8.9,2009,6,16,1
2009-06-17,62.9,91.9,43.9,0.4,61.9,98.4,10.5,2009,6,17,2
2009-06-18,71.5,91.8,169.3,0.9,73.8,77.5,8.0,2009,6,18,3
2009-06-19,71.8,78.4,250.4,0.0,73.3,61.8,4.7,2009,6,19,4
2009-06-20,76.2,80.2,252.0,0.3,80.4,51.3,6.1,2009,6,20,5
2009-06-21,71.8,75.4,192.9,0.0,74.9,54.4,11.3,2009,6,21,6
2009-06-22,72.5,81.5,271.8,0.3,75.0,35.2,8.6,2009,6,22,0
2009-06-23,72.2,81.6,229.1,0.0,73.7,60.0,4.3,2009,6,23,1
2009-06-24,74.3,69.5,330.7,0.0,76.7,13.2,6.0,2009,6,24,2
2009-06-25,76.8,63.3,232.3,0.0,79.2,60.5,4.5,2009,6,25,3
2009-06-26,77.5,73.0,228.1,0.0,80.8,62.8,4.8,2009,6,26,4
2009-06-27,73.6,73.7,336.5,0.0,75.6,15.7,6.4,2009,6,27,5
2009-06-28,70.1,75.5,144.5,0.0,71.6,83.1,4.6,2009,6,28,6
2009-06-29,73.0,65.2,266.1,0.0,74.1,46.5,6.0,2009,6,29,0
2009-06-30,71.8,72.3,120.9,0.0,73.9,54.9,4.2,2009,6,30,1
2009-07-01,73.7,74.7,308.0,0.1,75.3,43.9,2.8,2009,7,1,2
2009-07-02,70.3,79.3,263.2,0.0,72.0,36.2,6.9,2009,7,2,3
2009-07-03,68.2,75.9,216.6,0.0,69.4,30.2,7.3,2009,7,3,4
2009-07-04,71.4,69.8,234.8,0.0,73.3,52.0,7.1,2009,7,4,5
2009-07-05,67.2,68.2,211.2,0.0,68.2,76.8,5.5,2009,7,5,6
2009-07-06,71.4,66.7,340.0,0.0,72.2,15.8,4.4,2009,7,6,0
2009-07-07,74.3,61.6,235.5,0.0,75.7,46.7,5.8,2009,7,7,1
2009-07-08,69.9,57.8,323.8,0.0,70.8,26.0,6.2,2009,7,8,2
2009-07-09,69.2,69.5,233.0,0.0,70.5,57.5,4.8,2009,7,9,3
2009-07-10,69.8,73.3,298.2,0.0,70.8,22.6,4.9,2009,7,10,4
2009-07-11,72.1,80.8,166.5,0.1,74.3,74.1,8.5,2009,7,11,5
2009-07-12,76.7,70.4,270.3,0.1,79.4,50.0,6.2,2009,7,12,6
2009-07-13,74.7,61.5,244.7,0.0,76.5,59.5,3.5,2009,7,13,0
2009-07-14,71.0,44.4,336.6,0.0,71.5,13.7,4.8,2009,7,14,1
2009-07-15,74.1,52.3,325.0,0.0,75.1,35.5,6.8,2009,7,15,2
2009-07-16,81.0,59.3,286.8,0.0,83.9,48.8,6.8,2009,7,16,3
2009-07-17,75.7,71.2,117.7,0.1,78.2,82.9,4.5,2009,7,17,4
2009-07-18,72.8,62.0,275.2,0.0,74.1,63.6,7.3,2009,7,18,5
2009-07-19,72.4,60.0,193.5,0.0,73.9,79.7,3.4,2009,7,19,6
2009-07-20,72.8,66.3,179.9,0.0,74.0,98.7,5.2,2009,7,20,0
2009-07-21,72.8,78.6,269.5,0.3,75.4,52.7,4.5,2009,7,21,1
2009-07-22,75.5,73.6,194.1,0.0,77.8,60.6,5.2,2009,7,22,2
2009-07-23,74.7,85.3,199.2,0.5,77.8,80.2,4.2,2009,7,23,3
2009-07-24,74.8,76.1,299.5,0.1,76.9,43.8,3.6,2009,7,24,4
2009-07-25,78.3,62.7,274.8,0.0,79.9,33.2,6.3,2009,7,25,5
2009-07-26,79.2,64.9,185.4,0.0,82.7,61.0,6.2,2009,7,26,6
2009-07-27,78.1,64.2,279.5,0.0,81.2,57.5,5.2,2009,7,27,0
2009-07-28,78.7,69.4,187.2,0.0,82.2,77.7,4.7,2009,7,28,1
2009-07-29,78.4,79.0,171.6,0.2,82.7,73.3,9.8,2009,7,29,2
2009-07-30,78.6,74.1,251.0,0.1,82.0,41.8,6.3,2009,7,30,3
2009-07-31,77.1,86.2,170.5,0.4,82.0,90.5,8.1,2009,7,31,4
2009-08-01,77.1,76.6,269.0,0.1,80.1,47.2,4.5,2009,8,1,5
2009-08-02,75.8,92.3,154.3,0.4,80.9,88.2,6.0,2009,8,2,6
2009-08-03,76.3,72.6,290.7,0.0,79.0,10.8,3.9,2009,8,3,0
2009-08-04,79.0,64.7,310.2,0.0,81.2,0.4,5.0,2009,8,4,1
2009-08-05,77.4,65.7,214.2,0.0,80.6,68.1,5.8,2009,8,5,2
2009-08-06,69.8,82.0,125.2,0.3,70.9,78.9,5.3,2009,8,6,3
2009-08-07,71.0,60.0,282.2,0.0,71.6,41.7,4.1,2009,8,7,4
2009-08-08,76.1,62.2,228.1,0.0,77.9,76.5,4.3,2009,8,8,5
2009-08-09,81.6,62.5,236.4,0.0,85.1,48.1,5.4,2009,8,9,6
2009-08-10,84.5,58.7,278.9,0.0,89.1,31.2,7.0,2009,8,10,0
2009-08-11,82.4,67.2,261.8,0.0,87.1,63.1,5.2,2009,8,11,1
2009-08-12,76.3,82.0,104.0,0.1,80.5,95.1,3.7,2009,8,12,2
2009-08-13,76.0,79.5,198.9,0.0,79.6,75.4,5.1,2009,8,13,3
2009-08-14,75.5,77.9,278.6,0.0,77.8,15.3,4.8,2009,8,14,4
2009-08-15,76.3,72.0,291.6,0.0,78.2,3.1,4.0,2009,8,15,5
2009-08-16,78.9,61.5,293.2,0.0,80.3,13.1,3.7,2009,8,16,6
2009-08-17,80.8,54.7,186.8,0.0,83.0,87.6,5.4,2009,8,17,0
2009-08-18,81.9,63.9,243.3,0.1,86.5,36.0,4.1,2009,8,18,1
2009-08-19,81.0,73.4,238.0,0.3,86.4,62.5,4.1,2009,8,19,2
2009-08-20,82.1,72.8,220.5,0.1,87.6,51.9,7.1,2009,8,20,3
2009-08-21,81.6,71.8,243.4,0.1,86.6,44.9,7.2,2009,8,21,4
2009-08-22,74.5,94.9,57.2,0.4,79.4,79.0,3.5,2009,8,22,5
2009-08-23,76.0,76.4,273.2,0.0,79.1,34.6,4.8,2009,8,23,6
2009-08-24,73.7,72.4,218.1,0.0,75.5,34.7,5.8,2009,8,24,0
2009-08-25,75.2,65.7,279.3,0.0,77.2,0.2,3.8,2009,8,25,1
2009-08-26,78.9,64.7,265.1,0.0,81.8,19.8,5.8,2009,8,26,2
2009-08-27,78.4,70.2,226.5,0.0,81.8,53.6,4.9,2009,8,27,3
2009-08-28,75.8,91.0,134.0,0.7,80.7,94.2,4.1,2009,8,28,4
2009-08-29,76.6,85.3,175.1,0.2,81.3,68.4,4.0,2009,8,29,5
2009-08-30,74.2,61.7,265.3,0.0,75.9,51.0,6.2,2009,8,30,6
2009-08-31,66.2,64.5,174.3,0.0,67.0,68.9,6.9,2009,8,31,0
2009-09-01,63.6,66.3,272.2,0.0,64.2,3.4,6.7,2009,9,1,1
2009-09-02,64.1,70.8,270.7,0.0,65.1,17.0,5.2,2009,9,2,2
2009-09-03,65.8,69.9,257.3,0.0,66.5,35.4,6.0,2009,9,3,3
2009-09-04,68.1,61.8,240.3,0.0,68.6,29.4,5.5,2009,9,4,4
2009-09-05,70.9,63.1,236.5,0.0,71.6,24.0,3.7,2009,9,5,5
2009-09-06,71.0,70.7,239.9,0.0,72.2,54.1,7.5,2009,9,6,6
2009-09-07,69.3,83.9,122.8,0.0,70.5,92.1,8.0,2009,9,7,0
2009-09-08,69.1,77.4,167.6,0.0,70.1,79.0,7.1,2009,9,8,1
2009-09-09,69.3,75.6,148.3,0.0,70.6,64.8,7.3,2009,9,9,2
2009-09-10,64.7,76.2,121.0,0.2,64.6,96.1,11.5,2009,9,10,3
2009-09-11,59.7,91.8,60.2,0.5,57.7,88.1,12.2,2009,9,11,4
2009-09-12,63.7,87.3,86.2,0.0,63.3,87.6,8.0,2009,9,12,5
2009-09-13,67.7,77.3,142.1,0.0,68.2,40.1,6.5,2009,9,13,6
2009-09-14,69.9,73.1,241.7,0.0,70.8,5.5,4.5,2009,9,14,0
2009-09-15,73.1,70.7,220.2,0.1,74.7,41.9,5.2,2009,9,15,1
2009-09-16,67.5,88.9,137.9,0.2,68.2,82.6,7.9,2009,9,16,2
2009-09-17,63.2,87.3,50.5,0.0,63.0,94.5,6.8,2009,9,17,3
2009-09-18,66.7,86.8,89.6,0.0,67.3,84.4,4.4,2009,9,18,4
2009-09-19,62.9,66.8,208.7,0.0,63.0,17.7,6.3,2009,9,19,5
2009-09-20,59.5,72.3,210.5,0.0,60.1,52.2,4.6,2009,9,20,6
2009-09-21,66.1,79.7,173.0,0.0,67.1,74.9,5.6,2009,9,21,0
2009-09-22,69.9,86.3,83.6,0.0,71.6,87.5,5.1,2009,9,22,1
2009-09-23,74.1,80.2,153.3,0.0,76.6,59.2,5.2,2009,9,23,2
2009-09-24,75.4,76.6,188.0,0.0,78.9,67.5,5.5,2009,9,24,3
2009-09-25,66.4,71.6,109.0,0.2,67.4,95.0,7.5,2009,9,25,4
2009-09-26,62.3,74.4,97.4,0.9,61.6,97.1,8.8,2009,9,26,5
2009-09-27,65.2,86.0,109.1,0.8,65.7,58.8,7.1,2009,9,27,6
2009-09-28,63.7,75.7,135.6,0.1,63.6,26.3,10.5,2009,9,28,0
2009-09-29,59.9,61.2,212.9,0.0,58.4,6.2,10.5,2009,9,29,1
2009-09-30,58.6,74.7,103.3,0.0,57.2,84.5,8.6,2009,9,30,2
2009-10-01,54.6,72.3,94.2,0.0,53.5,61.4,5.2,2009,10,1,3
2009-10-02,64.0,73.1,130.6,0.0,64.4,90.5,9.8,2009,10,2,4
2009-10-03,66.1,71.2,187.4,0.0,67.0,19.0,5.7,2009,10,3,5
2009-10-04,60.6,54.5,205.3,0.0,60.2,21.6,7.3,2009,10,4,6
2009-10-05,57.4,61.8,201.9,0.0,56.4,14.9,5.9,2009,10,5,0
2009-10-06,62.1,70.9,150.6,0.0,61.9,68.6,8.4,2009,10,6,1
2009-10-07,62.6,66.0,154.2,0.1,61.0,48.4,14.9,2009,10,7,2
2009-10-08,58.3,60.2,159.8,0.0,56.9,23.3,7.1,2009,10,8,3
2009-10-09,71.2,60.5,182.1,0.0,72.0,16.6,14.3,2009,10,9,4
2009-10-10,63.3,71.3,60.6,0.1,62.9,80.7,10.3,2009,10,10,5
2009-10-11,55.0,68.7,184.7,0.0,53.9,32.6,4.2,2009,10,11,6
2009-10-12,51.3,67.3,88.5,0.0,49.3,81.5,6.1,2009,10,12,0
2009-10-13,56.0,73.2,94.0,0.0,54.2,65.8,9.3,2009,10,13,1
2009-10-14,46.9,72.2,70.5,0.1,44.3,97.5,5.9,2009,10,14,2
2009-10-15,45.2,94.5,10.5,1.2,40.0,100.0,10.8,2009,10,15,3
2009-10-16,41.4,94.5,17.3,0.6,35.2,100.0,10.4,2009,10,16,4
2009-10-17,41.8,96.2,10.4,1.8,35.0,100.0,12.8,2009,10,17,5
2009-10-18,44.0,85.4,63.0,0.7,37.6,94.2,13.1,2009,10,18,6
2009-10-19,44.7,65.6,178.1,0.0,41.0,3.8,7.0,2009,10,19,0
2009-10-20,52.8,64.5,154.3,0.0,51.3,23.0,5.2,2009,10,20,1
2009-10-21,58.4,67.8,167.2,0.0,58.5,13.8,4.4,2009,10,21,2
2009-10-22,61.4,62.8,108.3,0.0,61.0,76.4,7.2,2009,10,22,3
2009-10-23,61.2,79.5,59.1,0.2,60.7,95.0,8.9,2009,10,23,4
2009-10-24,65.0,90.9,9.9,0.8,63.8,97.1,15.4,2009,10,24,5
2009-10-25,52.2,73.1,114.1,0.0,49.6,76.0,8.3,2009,10,25,6
2009-10-26,52.7,79.1,94.3,0.0,50.8,88.5,6.6,2009,10,26,0
2009-10-27,55.5,94.5,28.3,0.7,53.8,99.8,7.3,2009,10,27,1
2009-10-28,61.2,85.3,105.0,1.3,60.4,84.2,9.0,2009,10,28,2
2009-10-29,55.9,88.7,27.0,0.0,54.7,99.1,6.3,2009,10,29,3
2009-10-30,55.0,87.9,58.0,0.0,53.1,96.9,7.7,2009,10,30,4
2009-10-31,61.9,93.7,23.2,0.3,60.3,98.8,12.2,2009,10,31,5
2009-11-01,50.6,90.1,13.9,1.3,47.3,99.8,8.3,2009,11,1,6
2009-11-02,50.4,89.8,53.2,0.0,48.0,90.3,6.5,2009,11,2,0
2009-11-03,50.7,76.8,140.3,0.0,48.2,9.4,7.6,2009,11,3,1
2009-11-04,45.9,68.6,124.7,0.0,43.7,47.1,4.5,2009,11,4,2
2009-11-05,45.7,72.1,106.8,0.0,42.1,32.1,7.2,2009,11,5,3
2009-11-06,41.5,64.6,141.8,0.0,36.9,6.3,8.0,2009,11,6,4
2009-11-07,45.9,68.2,122.6,0.0,41.5,12.3,9.7,2009,11,7,5
2009-11-08,55.1,79.1,101.9,0.0,54.2,19.7,4.4,2009,11,8,6
2009-11-09,56.5,80.5,105.5,0.0,56.1,57.3,4.9,2009,11,9,0
2009-11-10,58.0,82.3,56.9,0.0,57.4,98.8,5.2,2009,11,10,1
2009-11-11,49.0,90.6,15.9,1.5,43.0,100.0,16.5,2009,11,11,2
2009-11-12,45.4,93.3,9.6,2.4,37.1,100.0,22.5,2009,11,12,3
2009-11-13,50.5,92.8,12.4,0.6,44.3,100.0,19.6,2009,11,13,4
2009-11-14,54.4,93.5,22.2,0.0,51.7,99.4,9.6,2009,11,14,5
2009-11-15,59.4,86.7,97.5,0.0,58.3,52.0,7.2,2009,11,15,6
2009-11-16,56.6,87.0,54.1,0.0,54.6,61.3,8.3,2009,11,16,0
2009-11-17,48.3,79.2,69.7,0.0,44.9,57.3,7.8,2009,11,17,1
2009-11-18,50.6,89.3,47.5,0.0,47.0,75.2,9.5,2009,11,18,2
2009-11-19,56.5,94.8,24.8,0.2,54.3,95.8,9.3,2009,11,19,3
2009-11-20,52.4,80.2,87.6,0.1,49.5,78.5,9.2,2009,11,20,4
2009-11-21,50.6,80.7,30.8,0.0,48.6,96.2,5.7,2009,11,21,5
2009-11-22,48.3,89.3,22.8,0.0,44.7,87.0,8.1,2009,11,22,6
2009-11-23,48.3,93.5,11.8,0.6,43.7,99.8,11.0,2009,11,23,0
2009-11-24,48.7,96.3,10.8,0.4,45.8,99.4,6.9,2009,11,24,1
2009-11-25,50.0,97.4,16.0,0.2,49.3,96.5,3.3,2009,11,25,2
2009-11-26,48.9,95.2,22.8,0.2,48.0,99.4,3.5,2009,11,26,3
2009-11-27,41.4,77.8,78.2,0.2,33.0,73.3,17.5,2009,11,27,4
2009-11-28,41.0,74.8,78.0,0.0,34.5,34.6,12.2,2009,11,28,5
2009-11-29,49.3,75.4,110.5,0.0,46.2,20.8,9.0,2009,11,29,6
2009-11-30,49.1,84.5,26.6,0.4,44.2,88.2,12.2,2009,11,30,0
2009-12-01,42.4,78.3,108.8,0.0,37.4,25.5,8.1,2009,12,1,1
2009-12-02,48.9,88.3,22.1,0.6,45.0,99.0,11.9,2009,12,2,2
2009-12-03,53.8,82.5,68.2,0.1,50.0,68.7,13.3,2009,12,3,3
2009-12-04,45.1,78.8,40.2,0.0,43.1,72.9,4.3,2009,12,4,4
2009-12-05,37.5,92.6,8.6,0.7,29.5,98.4,12.7,2009,12,5,5
2009-12-06,32.0,72.0,101.2,0.0,25.8,46.3,7.9,2009,12,6,6
2009-12-07,35.2,72.9,80.8,0.0,30.0,64.1,6.6,2009,12,7,0
2009-12-08,38.0,76.8,80.5,0.4,32.9,75.4,7.2,2009,12,8,1
2009-12-09,46.8,91.1,59.6,1.4,40.6,74.3,15.3,2009,12,9,2
2009-12-10,35.7,67.4,102.5,0.0,27.0,25.3,13.3,2009,12,10,3
2009-12-11,29.6,38.7,104.2,0.0,19.6,1.8,12.8,2009,12,11,4
2009-12-12,32.9,41.0,104.1,0.0,26.8,32.1,6.9,2009,12,12,5
2009-12-13,37.7,89.1,4.7,1.7,32.2,81.4,7.7,2009,12,13,6
2009-12-14,43.6,94.5,19.9,0.0,39.8,94.8,7.6,2009,12,14,0
2009-12-15,45.6,89.6,34.2,0.0,40.6,98.0,10.5,2009,12,15,1
2009-12-16,32.3,70.0,102.0,0.0,22.6,10.6,13.7,2009,12,16,2
2009-12-17,29.7,59.9,101.8,0.0,21.1,5.8,10.4,2009,12,17,3
2009-12-18,29.9,68.7,59.9,0.2,24.2,84.8,5.9,2009,12,18,4
2009-12-19,26.7,93.2,6.9,2.2,13.4,100.0,19.2,2009,12,19,5
2009-12-20,29.7,67.4,89.9,0.0,18.3,40.1,15.7,2009,12,20,6
2009-12-21,31.8,70.5,88.8,0.0,22.9,29.2,11.2,2009,12,21,0
2009-12-22,32.8,75.6,85.5,0.0,25.4,27.6,8.7,2009,12,22,1
2009-12-23,30.6,68.3,101.3,0.0,23.0,1.7,8.3,2009,12,23,2
2009-12-24,29.6,77.2,77.0,0.0,22.7,38.9,7.0,2009,12,24,3
2009-12-25,39.7,94.9,13.7,0.5,33.0,97.4,13.3,2009,12,25,4
2009-12-26,49.0,95.8,7.1,0.6,44.7,100.0,11.5,2009,12,26,5
2009-12-27,40.6,79.9,101.6,0.0,35.6,21.8,7.5,2009,12,27,6
2009-12-28,33.1,69.2,101.3,0.0,23.3,23.1,14.2,2009,12,28,0
2009-12-29,27.9,58.1,76.5,0.0,16.0,56.1,16.8,2009,12,29,1
2009-12-30,27.4,54.4,59.6,0.0,20.9,68.2,6.2,2009,12,30,2
2009-12-31,33.4,86.3,54.9,0.5,30.6,93.6,3.6,2009,12,31,3
2010-01-01,33.1,85.0,69.1,0.0,25.4,65.9,10.6,2010,1,1,4
2010-01-02,23.9,55.9,76.1,0.0,8.5,54.6,22.8,2010,1,2,5
2010-01-03,19.9,52.4,95.7,0.0,2.6,50.8,24.4,2010,1,3,6
2010-01-04,25.7,59.8,70.5,0.0,12.8,79.3,16.8,2010,1,4,0
2010-01-05,28.1,60.4,64.2,0.0,16.7,76.3,14.9,2010,1,5,1
2010-01-06,29.7,64.4,60.0,0.0,18.1,66.0,17.1,2010,1,6,2
2010-01-07,30.1,65.0,77.2,0.0,22.6,59.3,8.9,2010,1,7,3
2010-01-08,27.0,63.2,72.7,0.0,15.9,58.8,14.8,2010,1,8,4
2010-01-09,26.6,63.8,79.5,0.0,14.9,42.7,14.7,2010,1,9,5
2010-01-10,22.8,54.7,111.0,0.0,11.1,0.1,12.7,2010,1,10,6
2010-01-11,26.0,47.7,84.8,0.0,20.0,45.1,5.5,2010,1,11,0
2010-01-12,28.5,63.2,109.4,0.0,18.1,28.9,12.9,2010,1,12,1
2010-01-13,30.2,64.5,95.4,0.0,23.8,16.7,7.0,2010,1,13,2
2010-01-14,33.9,68.3,110.5,0.0,30.1,23.6,4.3,2010,1,14,3
2010-01-15,39.1,75.6,81.3,0.0,34.7,49.5,6.4,2010,1,15,4
2010-01-16,39.8,92.5,42.3,0.0,37.2,90.1,4.2,2010,1,16,5
2010-01-17,40.3,96.8,4.0,1.1,34.7,99.8,9.5,2010,1,17,6
2010-01-18,41.6,89.9,110.1,0.0,36.5,36.7,9.9,2010,1,18,0
2010-01-19,43.7,87.8,103.0,0.0,41.7,56.8,4.6,2010,1,19,1
2010-01-20,37.2,74.9,81.7,0.0,31.4,75.4,7.7,2010,1,20,2
2010-01-21,34.7,77.4,69.0,0.1,28.4,79.5,7.8,2010,1,21,3
2010-01-22,36.0,86.6,35.6,0.2,29.2,94.9,9.6,2010,1,22,4
2010-01-23,35.1,82.9,120.3,0.0,29.7,40.6,6.6,2010,1,23,5
2010-01-24,42.4,95.6,17.4,0.2,37.3,98.2,11.1,2010,1,24,6
2010-01-25,54.0,89.5,37.6,1.0,50.0,77.5,18.3,2010,1,25,0
2010-01-26,38.0,73.8,79.5,0.0,30.8,64.7,11.0,2010,1,26,1
2010-01-27,34.1,63.8,116.3,0.0,28.4,24.1,6.8,2010,1,27,2
2010-01-28,35.5,62.7,89.9,0.0,27.3,64.3,13.5,2010,1,28,3
2010-01-29,22.6,43.2,74.2,0.0,11.0,90.6,12.0,2010,1,29,4
2010-01-30,19.3,74.8,20.2,0.5,7.0,99.7,11.8,2010,1,30,5
2010-01-31,23.3,43.4,136.5,0.0,13.8,26.7,9.2,2010,1,31,6
2010-02-01,28.6,51.5,133.4,0.0,22.4,17.1,6.3,2010,2,1,0
2010-02-02,32.6,74.1,78.3,0.3,27.7,88.6,5.3,2010,2,2,1
2010-02-03,34.4,83.2,105.4,0.1,27.7,69.7,8.8,2010,2,3,2
2010-02-04,32.6,70.6,106.9,0.0,27.3,65.3,6.0,2010,2,4,3
2010-02-05,32.6,82.3,31.3,1.5,26.7,99.5,8.4,2010,2,5,4
2010-02-06,27.5,90.4,22.3,1.8,14.3,84.7,19.9,2010,2,6,5
2010-02-07,25.5,63.0,140.9,0.0,14.7,7.8,12.3,2010,2,7,6
2010-02-08,26.9,58.1,151.6,0.0,16.6,4.5,11.9,2010,2,8,0
2010-02-09,29.8,71.2,57.7,0.5,24.7,93.8,5.0,2010,2,9,1
2010-02-10,27.0,84.7,43.8,0.7,13.1,99.9,23.0,2010,2,10,2
2010-02-11,30.9,67.3,145.5,0.0,18.7,31.0,20.1,2010,2,11,3
2010-02-12,30.5,69.0,120.6,0.0,22.1,50.3,9.9,2010,2,12,4
2010-02-13,29.2,67.0,84.9,0.0,18.8,81.9,13.3,2010,2,13,5
2010-02-14,30.4,60.9,156.9,0.0,20.7,8.2,12.6,2010,2,14,6
2010-02-15,32.6,70.2,122.5,0.1,27.2,52.6,6.4,2010,2,15,0
2010-02-16,29.4,62.5,123.7,0.0,19.0,39.5,13.7,2010,2,16,1
2010-02-17,31.0,63.9,120.5,0.0,21.5,41.2,12.5,2010,2,17,2
2010-02-18,35.0,71.0,159.2,0.0,25.3,33.0,16.2,2010,2,18,3
2010-02-19,35.7,74.5,141.1,0.0,26.7,18.0,14.4,2010,2,19,4
2010-02-20,35.5,70.7,137.9,0.0,27.5,31.1,11.6,2010,2,20,5
2010-02-21,38.7,69.0,166.1,0.0,33.8,29.5,7.5,2010,2,21,6
2010-02-22,37.7,83.6,74.7,0.4,32.0,94.0,8.2,2010,2,22,0
2010-02-23,37.7,92.3,49.4,0.0,30.0,92.0,12.1,2010,2,23,1
2010-02-24,37.8,82.8,114.0,0.1,31.9,71.8,8.9,2010,2,24,2
2010-02-25,34.6,72.5,130.2,0.0,24.5,76.3,17.6,2010,2,25,3
2010-02-26,31.2,68.6,73.8,0.1,19.1,95.6,20.3,2010,2,26,4
2010-02-27,35.3,70.9,136.8,0.0,28.2,73.5,9.5,2010,2,27,5
2010-02-28,36.6,75.2,94.9,0.1,28.7,84.2,12.4,2010,2,28,6
2010-03-01,39.5,72.8,153.2,0.0,31.8,49.8,13.7,2010,3,1,0
2010-03-02,38.3,81.9,67.9,0.2,33.7,100.0,6.2,2010,3,2,1
2010-03-03,38.0,88.0,49.4,0.3,29.6,100.0,14.5,2010,3,3,2
2010-03-04,38.0,74.2,110.0,0.0,29.7,84.5,14.0,2010,3,4,3
2010-03-05,39.2,73.6,104.8,0.0,31.6,88.5,13.0,2010,3,5,4
2010-03-06,39.1,71.7,206.0,0.0,31.9,16.2,11.8,2010,3,6,5
2010-03-07,41.7,61.2,204.1,0.0,36.6,11.6,8.2,2010,3,7,6
2010-03-08,44.1,61.0,211.4,0.0,39.0,8.5,9.0,2010,3,8,0
2010-03-09,47.0,55.9,212.6,0.0,44.3,14.0,5.3,2010,3,9,1
2010-03-10,49.8,76.8,117.5,0.0,47.8,82.9,6.0,2010,3,10,2
2010-03-11,53.9,88.0,128.5,0.0,52.0,87.7,7.4,2010,3,11,3
2010-03-12,48.8,96.1,14.8,1.3,43.1,100.0,15.6,2010,3,12,4
2010-03-13,50.0,96.3,16.8,0.8,45.4,99.1,15.3,2010,3,13,5
2010-03-14,47.7,95.5,44.6,0.5,44.3,99.5,7.4,2010,3,14,6
2010-03-15,45.0,90.5,40.5,0.2,39.2,100.0,12.2,2010,3,15,0
2010-03-16,48.6,70.5,214.3,0.0,44.9,34.8,8.9,2010,3,16,1
2010-03-17,50.0,66.4,225.5,0.0,48.2,23.1,4.2,2010,3,17,2
2010-03-18,52.2,63.0,228.0,0.0,50.9,19.2,4.6,2010,3,18,3
2010-03-19,54.8,61.0,232.4,0.0,53.1,2.8,6.1,2010,3,19,4
2010-03-20,57.8,63.2,220.4,0.0,57.1,14.9,5.4,2010,3,20,5
2010-03-21,59.4,73.0,139.3,0.0,58.7,71.5,8.2,2010,3,21,6
2010-03-22,56.8,93.3,31.3,0.6,53.9,84.9,12.5,2010,3,22,0
2010-03-23,47.0,77.8,164.3,0.0,41.4,71.0,13.2,2010,3,23,1
2010-03-24,51.6,66.5,196.0,0.0,48.4,62.0,10.2,2010,3,24,2
2010-03-25,56.9,70.9,123.8,0.0,55.1,79.9,9.7,2010,3,25,3
2010-03-26,43.6,81.9,86.6,1.2,36.9,91.0,13.8,2010,3,26,4
2010-03-27,37.7,65.2,246.8,0.0,31.3,9.5,8.8,2010,3,27,5
2010-03-28,46.5,90.1,86.0,0.8,41.3,75.1,13.0,2010,3,28,6
2010-03-29,52.2,94.1,84.5,1.2,50.1,94.0,7.5,2010,3,29,0
2010-03-30,44.8,81.0,122.0,0.1,37.1,98.2,19.0,2010,3,30,1
2010-03-31,53.3,74.3,242.7,0.0,49.3,32.4,12.9,2010,3,31,2
2010-04-01,58.0,77.8,240.2,0.0,57.9,13.6,5.2,2010,4,1,3
2010-04-02,58.0,78.0,253.9,0.0,57.0,27.4,8.0,2010,4,2,4
2010-04-03,56.9,83.0,156.9,0.0,55.0,82.5,8.7,2010,4,3,5
2010-04-04,61.8,69.5,191.6,0.0,61.7,50.7,5.3,2010,4,4,6
2010-04-05,64.5,82.4,228.4,0.1,65.0,45.3,5.6,2010,4,5,0
2010-04-06,73.3,64.7,257.8,0.0,74.7,32.6,9.8,2010,4,6,1
2010-04-07,74.5,49.9,243.9,0.0,75.6,44.1,10.8,2010,4,7,2
2010-04-08,70.0,66.5,226.5,0.5,70.5,71.0,13.5,2010,4,8,3
2010-04-09,49.2,67.8,232.1,0.1,43.9,46.6,14.2,2010,4,9,4
2010-04-10,49.8,62.6,273.3,0.0,46.8,12.1,7.4,2010,4,10,5
2010-04-11,59.2,59.0,281.5,0.0,58.8,19.1,4.8,2010,4,11,6
2010-04-12,58.5,60.8,281.4,0.0,57.1,31.1,7.3,2010,4,12,0
2010-04-13,48.1,81.7,69.2,0.3,45.4,79.7,6.5,2010,4,13,1
2010-04-14,49.3,69.3,283.4,0.0,47.6,14.5,4.9,2010,4,14,2
2010-04-15,58.2,63.4,242.2,0.0,57.4,27.1,6.7,2010,4,15,3
2010-04-16,67.7,61.4,224.5,0.1,67.8,49.2,9.8,2010,4,16,4
2010-04-17,54.0,63.0,224.8,0.0,50.2,51.9,13.4,2010,4,17,5
2010-04-18,47.2,60.3,239.1,0.0,42.6,39.3,10.2,2010,4,18,6
2010-04-19,51.2,66.4,281.5,0.0,48.6,15.8,8.0,2010,4,19,0
2010-04-20,57.4,61.3,207.8,0.0,56.9,68.6,3.5,2010,4,20,1
2010-04-21,53.6,88.2,78.5,0.2,52.1,88.6,6.0,2010,4,21,2
2010-04-22,58.7,67.6,240.2,0.0,58.3,63.9,4.8,2010,4,22,3
2010-04-23,59.3,57.2,276.0,0.0,58.6,51.8,6.2,2010,4,23,4
2010-04-24,53.2,71.8,67.6,0.4,50.9,99.9,7.8,2010,4,24,5
2010-04-25,60.5,91.3,144.1,0.6,60.0,71.7,7.0,2010,4,25,6
2010-04-26,54.9,93.7,108.6,0.1,54.4,86.0,4.1,2010,4,26,0
2010-04-27,53.6,71.2,200.2,0.0,50.4,69.7,11.1,2010,4,27,1
2010-04-28,48.1,55.4,264.8,0.0,43.3,22.1,12.0,2010,4,28,2
2010-04-29,54.0,54.8,314.9,0.0,52.0,5.1,7.5,2010,4,29,3
2010-04-30,65.1,59.8,309.5,0.0,65.1,13.1,6.8,2010,4,30,4
2010-05-01,74.1,63.7,262.6,0.0,75.5,47.5,8.6,2010,5,1,5
2010-05-02,78.8,69.8,245.3,0.0,82.9,56.5,11.5,2010,5,2,6
2010-05-03,74.3,78.1,121.0,0.6,78.1,89.7,11.0,2010,5,3,0
2010-05-04,70.6,55.8,298.2,0.0,71.1,33.8,7.2,2010,5,4,1
2010-05-05,69.3,59.6,316.2,0.0,69.7,1.9,6.7,2010,5,5,2
2010-05-06,71.0,52.7,293.4,0.0,71.5,8.0,11.2,2010,5,6,3
2010-05-07,64.9,56.2,281.5,0.0,65.3,26.7,7.2,2010,5,7,4
2010-05-08,66.5,53.5,247.4,0.0,66.9,40.4,16.9,2010,5,8,5
2010-05-09,51.8,47.0,296.0,0.0,47.8,14.1,12.2,2010,5,9,6
2010-05-10,49.0,50.0,330.3,0.0,46.5,19.0,6.4,2010,5,10,0
2010-05-11,50.4,69.2,117.8,0.1,46.5,81.8,10.6,2010,5,11,1
2010-05-12,64.2,81.8,208.2,0.5,63.6,93.2,8.5,2010,5,12,2
2010-05-13,54.6,82.8,99.6,0.0,53.0,95.2,6.4,2010,5,13,3
2010-05-14,71.4,73.6,252.1,0.0,72.5,69.9,9.5,2010,5,14,4
2010-05-15,66.5,61.5,285.0,0.0,67.1,50.8,8.0,2010,5,15,5
2010-05-16,62.9,65.5,199.4,0.0,63.5,80.8,5.5,2010,5,16,6
2010-05-17,55.2,91.2,40.9,0.6,54.2,98.8,5.2,2010,5,17,0
2010-05-18,52.6,90.7,71.0,0.2,49.6,98.2,8.9,2010,5,18,1
2010-05-19,56.3,84.2,121.2,0.0,55.8,92.0,4.3,2010,5,19,2
2010-05-20,65.3,66.9,328.8,0.0,65.4,8.0,5.4,2010,5,20,3
2010-05-21,72.1,52.4,264.7,0.0,72.9,65.8,5.1,2010,5,21,4
2010-05-22,67.6,74.4,186.9,0.2,68.8,89.9,9.3,2010,5,22,5
2010-05-23,66.1,95.4,152.0,0.9,66.7,90.2,8.2,2010,5,23,6
2010-05-24,66.8,89.6,158.0,0.0,67.7,78.7,6.2,2010,5,24,0
2010-05-25,67.5,85.4,165.2,0.0,68.3,68.3,4.2,2010,5,25,1
2010-05-26,73.8,69.8,245.9,0.0,76.0,64.6,4.7,2010,5,26,2
2010-05-27,76.9,70.1,325.1,0.2,80.3,16.4,7.2,2010,5,27,3
2010-05-28,66.1,89.1,125.8,0.2,66.9,89.5,6.2,2010,5,28,4
2010-05-29,70.2,84.2,193.0,0.0,71.6,73.1,4.4,2010,5,29,5
2010-05-30,74.3,67.6,283.5,0.0,75.0,35.0,5.1,2010,5,30,6
2010-05-31,79.8,66.5,314.4,0.0,83.0,20.0,8.5,2010,5,31,0
2010-06-01,75.5,78.8,311.2,0.3,79.3,21.7,8.8,2010,6,1,1
2010-06-02,77.3,68.5,325.9,0.0,79.3,10.8,4.9,2010,6,2,2
2010-06-03,78.6,71.9,245.5,0.0,82.6,60.9,5.4,2010,6,3,3
2010-06-04,80.3,65.6,300.3,0.0,84.2,62.9,4.3,2010,6,4,4
2010-06-05,81.0,64.5,250.5,0.0,84.9,74.0,6.6,2010,6,5,5
2010-06-06,77.2,65.8,180.8,0.1,80.2,57.8,12.0,2010,6,6,6
2010-06-07,65.5,62.5,252.7,0.0,66.5,21.4,6.1,2010,6,7,0
2010-06-08,65.2,48.5,345.4,0.0,64.9,18.8,6.2,2010,6,8,1
2010-06-09,68.3,69.5,107.4,0.0,69.0,97.9,10.2,2010,6,9,2
2010-06-10,76.4,61.1,275.0,0.0,77.5,55.5,7.1,2010,6,10,3
2010-06-11,73.5,61.2,270.0,0.0,74.5,50.5,5.7,2010,6,11,4
2010-06-12,78.9,66.0,320.9,0.0,81.2,29.2,7.2,2010,6,12,5
2010-06-13,79.6,73.3,311.5,0.2,85.2,26.5,6.8,2010,6,13,6
2010-06-14,77.1,72.9,186.7,0.0,80.8,40.9,5.6,2010,6,14,0
2010-06-15,74.7,73.0,210.5,0.0,76.8,54.3,5.5,2010,6,15,1
2010-06-16,74.8,82.8,178.7,0.1,77.7,83.2,7.8,2010,6,16,2
2010-06-17,75.3,59.5,338.0,0.0,76.7,11.1,9.2,2010,6,17,3
2010-06-18,71.5,62.7,345.5,0.0,72.0,0.0,4.2,2010,6,18,4
2010-06-19,78.3,64.3,327.6,0.0,80.0,18.7,7.2,2010,6,19,5
2010-06-20,81.0,59.0,321.8,0.0,84.1,25.6,6.5,2010,6,20,6
2010-06-21,78.3,59.5,317.7,0.0,79.5,25.3,4.5,2010,6,21,0
2010-06-22,82.2,59.0,288.5,0.0,84.8,50.0,5.0,2010,6,22,1
2010-06-23,83.2,53.5,313.8,0.0,85.8,19.5,5.5,2010,6,23,2
2010-06-24,84.9,54.1,188.6,0.0,88.7,47.2,8.1,2010,6,24,3
2010-06-25,78.2,57.8,333.1,0.0,79.6,17.5,4.3,2010,6,25,4
2010-06-26,77.7,62.2,204.0,0.0,79.0,43.5,2.7,2010,6,26,5
2010-06-27,85.2,50.3,283.9,0.0,87.2,34.1,6.7,2010,6,27,6
2010-06-28,85.9,54.0,199.5,0.0,89.4,75.8,8.2,2010,6,28,0
2010-06-29,81.7,53.2,251.5,0.0,83.2,68.7,8.1,2010,6,29,1
2010-06-30,71.3,39.0,231.4,0.0,71.7,69.5,6.8,2010,6,30,2
2010-07-01,68.1,43.2,348.2,0.0,68.1,7.4,7.5,2010,7,1,3
2010-07-02,68.9,47.8,345.6,0.0,69.1,15.4,5.4,2010,7,2,4
2010-07-03,73.5,44.6,344.6,0.0,73.6,3.3,4.5,2010,7,3,5
2010-07-04,79.2,41.2,348.0,0.0,79.9,0.5,4.6,2010,7,4,6
2010-07-05,82.5,53.1,335.6,0.0,84.7,7.2,3.6,2010,7,5,0
2010-07-06,86.4,49.2,336.3,0.0,87.7,2.7,2.5,2010,7,6,1
2010-07-07,88.4,40.7,333.7,0.0,89.7,14.7,5.7,2010,7,7,2
2010-07-08,83.4,58.3,268.9,0.0,86.9,43.0,5.6,2010,7,8,3
2010-07-09,81.1,65.5,325.5,0.0,84.1,13.4,6.4,2010,7,9,4
2010-07-10,74.4,86.2,172.5,2.0,78.0,64.0,6.6,2010,7,10,5
2010-07-11,78.1,55.7,332.9,0.0,78.5,8.3,4.8,2010,7,11,6
2010-07-12,76.9,73.4,158.6,0.4,79.6,84.3,6.0,2010,7,12,0
2010-07-13,79.4,78.6,267.8,0.3,84.5,75.5,4.3,2010,7,13,1
2010-07-14,77.2,75.5,162.5,0.1,80.7,63.6,7.8,2010,7,14,2
2010-07-15,81.9,63.5,297.2,0.0,85.7,23.6,4.5,2010,7,15,3
2010-07-16,86.6,53.8,309.2,0.0,89.7,48.2,5.1,2010,7,16,4
2010-07-17,85.0,54.0,324.5,0.0,87.9,22.4,5.0,2010,7,17,5
2010-07-18,84.5,54.0,250.5,0.0,87.7,36.3,7.6,2010,7,18,6
2010-07-19,82.4,65.2,230.2,0.0,86.8,45.6,7.2,2010,7,19,0
2010-07-20,81.8,61.5,217.0,0.0,85.1,32.0,5.9,2010,7,20,1
2010-07-21,82.1,64.3,220.8,0.1,86.8,46.1,6.0,2010,7,21,2
2010-07-22,82.8,55.4,282.5,0.0,85.1,38.3,5.7,2010,7,22,3
2010-07-23,85.9,56.4,196.4,0.0,89.8,81.0,5.5,2010,7,23,4
2010-07-24,90.7,46.2,253.7,0.0,94.9,32.2,7.4,2010,7,24,5
2010-07-25,86.7,51.4,178.4,0.0,90.2,76.6,8.0,2010,7,25,6
2010-07-26,76.8,56.0,320.5,0.0,77.7,21.8,4.8,2010,7,26,0
2010-07-27,77.2,55.2,222.6,0.0,78.2,36.5,5.0,2010,7,27,1
2010-07-28,82.6,63.0,276.2,0.0,86.3,25.0,6.9,2010,7,28,2
2010-07-29,82.9,64.6,243.0,0.1,87.5,27.8,6.3,2010,7,29,3
2010-07-30,74.4,47.3,321.2,0.0,75.6,7.9,6.5,2010,7,30,4
2010-07-31,77.0,49.1,212.1,0.0,77.9,70.5,4.4,2010,7,31,5
2010-08-01,73.6,62.1,189.1,0.0,74.8,61.0,5.0,2010,8,1,6
2010-08-02,74.4,70.2,189.1,0.0,76.5,53.8,5.3,2010,8,2,0
2010-08-03,79.5,68.0,224.2,0.0,82.6,58.1,7.3,2010,8,3,1
2010-08-04,84.0,65.7,190.4,0.0,89.2,62.1,7.2,2010,8,4,2
2010-08-05,82.9,63.3,213.5,0.1,87.3,53.3,6.2,2010,8,5,3
2010-08-06,79.6,56.3,265.4,0.0,82.2,44.3,8.6,2010,8,6,4
2010-08-07,77.1,51.2,309.8,0.0,78.4,2.2,4.6,2010,8,7,5
2010-08-08,78.9,53.2,299.2,0.0,79.8,6.2,4.8,2010,8,8,6
2010-08-09,82.6,58.2,294.0,0.0,84.8,18.6,5.9,2010,8,9,0
2010-08-10,87.3,48.2,270.8,0.0,89.7,53.4,5.1,2010,8,10,1
2010-08-11,86.2,50.2,269.3,0.0,88.8,47.7,5.4,2010,8,11,2
2010-08-12,79.6,82.5,227.7,0.9,85.4,47.2,5.2,2010,8,12,3
2010-08-13,75.1,71.3,128.7,0.1,78.5,80.2,8.5,2010,8,13,4
2010-08-14,74.6,57.6,155.8,0.0,77.9,78.4,7.0,2010,8,14,5
2010-08-15,75.1,78.6,122.1,0.1,79.1,69.2,8.1,2010,8,15,6
2010-08-16,81.8,72.0,264.5,0.0,87.6,15.2,6.4,2010,8,16,0
2010-08-17,82.1,64.4,231.5,0.0,86.0,43.8,4.0,2010,8,17,1
2010-08-18,71.1,91.8,52.9,1.3,73.6,98.0,4.7,2010,8,18,2
2010-08-19,76.2,73.9,283.1,0.0,79.0,17.3,2.8,2010,8,19,3
2010-08-20,79.5,60.5,283.7,0.0,82.8,7.0,4.0,2010,8,20,4
2010-08-21,79.5,60.5,179.0,0.0,81.9,76.5,6.7,2010,8,21,5
2010-08-22,77.1,78.5,129.9,0.2,81.7,66.5,7.0,2010,8,22,6
2010-08-23,75.3,68.0,227.5,0.1,77.3,52.3,6.5,2010,8,23,0
2010-08-24,69.0,78.2,119.7,0.0,70.5,87.3,7.8,2010,8,24,1
2010-08-25,71.2,71.8,130.3,0.0,72.3,76.0,4.5,2010,8,25,2
2010-08-26,74.2,62.0,213.6,0.0,75.4,25.2,6.1,2010,8,26,3
2010-08-27,70.8,61.9,261.8,0.0,71.1,6.7,3.5,2010,8,27,4
2010-08-28,72.6,68.7,273.2,0.0,73.5,0.5,3.4,2010,8,28,5
2010-08-29,77.1,63.5,276.8,0.0,78.6,0.0,3.2,2010,8,29,6
2010-08-30,79.0,52.8,273.6,0.0,80.0,0.0,4.9,2010,8,30,0
2010-08-31,80.6,48.7,271.5,0.0,81.5,0.0,2.9,2010,8,31,1
2010-09-01,83.5,46.9,267.5,0.0,85.3,0.0,5.9,2010,9,1,2
2010-09-02,81.6,50.9,232.0,0.0,84.0,44.9,5.8,2010,9,2,3
2010-09-03,79.0,58.5,104.1,0.0,81.2,89.9,6.5,2010,9,3,4
2010-09-04,72.1,46.8,254.8,0.0,73.1,10.8,10.0,2010,9,4,5
2010-09-05,65.4,55.1,268.2,0.0,65.4,0.4,4.6,2010,9,5,6
2010-09-06,71.3,61.3,259.8,0.0,72.1,0.2,6.7,2010,9,6,0
2010-09-07,78.0,54.3,257.8,0.0,78.6,0.4,9.2,2010,9,7,1
2010-09-08,80.2,38.2,255.2,0.0,81.2,5.3,12.4,2010,9,8,2
2010-09-09,67.1,49.9,258.4,0.0,67.4,4.0,10.0,2010,9,9,3
2010-09-10,65.0,57.8,130.8,0.0,65.3,61.2,7.9,2010,9,10,4
2010-09-11,68.6,54.1,243.2,0.0,68.7,31.0,5.2,2010,9,11,5
2010-09-12,63.6,91.3,35.8,0.2,63.5,80.3,5.6,2010,9,12,6
2010-09-13,68.5,66.1,245.8,0.0,68.9,2.9,4.7,2010,9,13,0
2010-09-14,69.2,53.3,185.1,0.0,69.5,35.5,7.4,2010,9,14,1
2010-09-15,69.5,53.5,243.1,0.0,69.6,2.0,4.0,2010,9,15,2
2010-09-16,71.9,69.5,137.5,0.1,72.6,86.0,5.8,2010,9,16,3
2010-09-17,69.5,71.5,145.7,0.0,70.7,43.9,8.8,2010,9,17,4
2010-09-18,62.9,61.9,234.6,0.0,63.0,4.2,4.1,2010,9,18,5
2010-09-19,68.2,60.3,231.1,0.0,68.4,2.9,2.0,2010,9,19,6
2010-09-20,67.6,49.5,226.4,0.0,67.3,13.4,9.6,2010,9,20,0
2010-09-21,65.8,51.8,233.5,0.0,65.6,2.3,6.1,2010,9,21,1
2010-09-22,77.7,56.1,222.0,0.0,79.2,5.2,7.2,2010,9,22,2
2010-09-23,79.0,62.2,211.8,0.0,81.0,32.0,5.2,2010,9,23,3
2010-09-24,82.5,51.1,154.2,0.0,83.6,60.0,9.5,2010,9,24,4
2010-09-25,80.1,42.8,217.8,0.0,81.4,5.9,9.2,2010,9,25,5
2010-09-26,66.7,65.6,94.8,0.1,67.6,95.0,8.5,2010,9,26,6
2010-09-27,71.0,95.0,79.6,1.6,74.6,99.5,11.6,2010,9,27,0
2010-09-28,72.9,71.2,125.3,0.3,75.4,90.6,11.7,2010,9,28,1
2010-09-29,63.9,79.9,88.5,0.1,64.0,86.8,5.8,2010,9,29,2
2010-09-30,71.1,96.5,34.3,7.6,73.8,100.0,14.7,2010,9,30,3
2010-10-01,61.6,77.3,96.7,0.1,59.8,62.3,13.9,2010,10,1,4
2010-10-02,57.3,75.0,211.7,0.0,56.1,0.6,5.8,2010,10,2,5
2010-10-03,55.4,88.0,75.6,0.5,52.7,57.6,10.5,2010,10,3,6
2010-10-04,49.4,93.1,19.5,0.7,44.7,80.5,12.2,2010,10,4,0
2010-10-05,51.6,80.4,123.3,0.0,48.3,59.9,9.5,2010,10,5,1
2010-10-06,52.7,82.2,127.2,0.1,50.3,71.6,7.6,2010,10,6,2
2010-10-07,59.3,69.3,197.9,0.0,57.9,20.6,10.2,2010,10,7,3
2010-10-08,60.7,61.0,200.0,0.0,60.5,0.0,6.9,2010,10,8,4
2010-10-09,64.0,62.2,194.8,0.0,63.7,0.0,6.7,2010,10,9,5
2010-10-10,63.6,64.0,190.4,0.0,63.7,0.4,6.2,2010,10,10,6
2010-10-11,71.3,58.4,177.7,0.0,72.3,52.4,4.1,2010,10,11,0
2010-10-12,67.5,70.1,185.5,0.0,68.0,11.5,5.6,2010,10,12,1
2010-10-13,56.1,69.7,188.4,0.0,54.6,7.1,6.4,2010,10,13,2
2010-10-14,54.0,92.4,16.8,1.5,51.6,64.3,8.2,2010,10,14,3
2010-10-15,53.4,63.8,138.1,0.0,49.6,33.2,12.9,2010,10,15,4
2010-10-16,54.2,59.6,183.6,0.0,50.9,0.9,11.7,2010,10,16,5
2010-10-17,58.6,60.4,178.8,0.0,57.7,0.2,8.5,2010,10,17,6
2010-10-18,56.9,65.9,160.2,0.0,55.9,40.5,4.9,2010,10,18,0
2010-10-19,53.7,82.9,106.0,0.0,52.5,84.5,5.0,2010,10,19,1
2010-10-20,52.5,91.0,35.2,0.1,51.9,87.5,3.2,2010,10,20,2
2010-10-21,54.6,66.2,126.1,0.0,52.0,45.0,9.7,2010,10,21,3
2010-10-22,49.2,58.7,167.5,0.0,45.9,13.4,9.2,2010,10,22,4
2010-10-23,54.8,59.1,166.6,0.0,52.9,13.5,7.9,2010,10,23,5
2010-10-24,61.5,61.7,116.8,0.0,61.2,73.5,8.0,2010,10,24,6
2010-10-25,65.7,81.5,78.5,0.0,66.0,78.2,13.6,2010,10,25,0
2010-10-26,68.1,90.0,28.5,0.0,69.4,94.7,11.8,2010,10,26,1
2010-10-27,72.7,87.3,55.3,0.2,76.3,74.3,13.1,2010,10,27,2
2010-10-28,64.3,63.5,150.8,0.0,63.8,15.2,10.5,2010,10,28,3
2010-10-29,48.6,60.3,148.9,0.0,43.6,10.3,12.6,2010,10,29,4
2010-10-30,48.5,63.0,134.5,0.0,44.3,43.8,10.8,2010,10,30,5
2010-10-31,53.0,59.9,137.2,0.0,49.7,37.8,10.5,2010,10,31,6
2010-11-01,45.3,60.2,115.9,0.0,41.6,40.3,7.1,2010,11,1,0
2010-11-02,39.8,73.5,111.6,0.0,36.2,35.7,5.2,2010,11,2,1
2010-11-03,45.4,79.4,96.6,0.0,43.5,85.3,4.2,2010,11,3,2
2010-11-04,47.7,95.0,9.0,1.3,43.5,99.8,9.6,2010,11,4,3
2010-11-05,46.4,75.5,134.4,0.0,41.5,48.0,10.2,2010,11,5,4
2010-11-06,43.7,71.7,137.5,0.0,38.6,30.0,8.9,2010,11,6,5
2010-11-07,40.9,65.1,139.2,0.0,34.3,4.1,11.3,2010,11,7,6
2010-11-08,46.7,58.1,137.5,0.0,40.8,9.0,14.1,2010,11,8,0
2010-11-09,49.6,74.8,100.3,0.0,45.1,43.8,11.5,2010,11,9,1
2010-11-10,50.9,82.1,56.5,0.0,47.5,46.9,9.0,2010,11,10,2
2010-11-11,47.8,69.5,135.2,0.0,44.3,0.6,7.5,2010,11,11,3
2010-11-12,47.3,56.2,135.8,0.0,44.2,0.0,6.8,2010,11,12,4
2010-11-13,46.9,61.0,133.0,0.0,45.4,3.7,3.8,2010,11,13,5
2010-11-14,47.3,77.0,94.6,0.0,45.6,37.1,4.9,2010,11,14,6
2010-11-15,48.6,89.5,89.3,0.2,47.3,66.6,4.0,2010,11,15,0
2010-11-16,54.5,94.8,21.2,0.7,51.5,99.9,12.7,2010,11,16,1
2010-11-17,52.7,72.8,122.5,0.0,48.6,24.8,13.6,2010,11,17,2
2010-11-18,46.4,76.2,105.0,0.0,42.2,27.5,8.4,2010,11,18,3
2010-11-19,42.9,75.5,115.7,0.0,38.8,7.6,7.0,2010,11,19,4
2010-11-20,48.1,79.0,117.5,0.0,44.4,11.0,8.3,2010,11,20,5
2010-11-21,46.9,83.7,41.8,0.0,43.7,74.8,6.7,2010,11,21,6
2010-11-22,53.2,87.3,71.4,0.0,50.8,52.4,8.2,2010,11,22,0
2010-11-23,57.6,80.9,68.6,0.0,54.8,68.5,13.0,2010,11,23,1
2010-11-24,42.6,68.1,111.7,0.0,37.3,37.9,10.0,2010,11,24,2
2010-11-25,47.5,69.2,60.5,0.0,43.7,94.2,9.1,2010,11,25,3
2010-11-26,49.4,75.2,38.1,0.0,44.5,97.0,13.2,2010,11,26,4
2010-11-27,36.5,61.0,113.2,0.0,28.7,6.0,11.7,2010,11,27,5
2010-11-28,35.6,69.0,112.2,0.0,31.5,1.8,5.1,2010,11,28,6
2010-11-29,39.2,78.0,110.4,0.0,35.9,20.2,5.2,2010,11,29,0
2010-11-30,55.3,90.0,40.7,0.2,51.8,99.0,14.6,2010,11,30,1
2010-12-01,47.6,83.6,8.7,1.2,41.6,79.3,18.4,2010,12,1,2
2010-12-02,34.4,69.1,94.7,0.0,28.5,45.7,7.3,2010,12,2,3
2010-12-03,33.6,71.4,86.2,0.0,26.3,57.1,8.8,2010,12,3,4
2010-12-04,32.8,66.3,87.2,0.0,25.2,46.5,9.2,2010,12,4,5
2010-12-05,31.4,65.5,60.5,0.0,20.7,83.2,15.9,2010,12,5,6
2010-12-06,29.6,56.4,84.2,0.0,17.5,48.9,18.2,2010,12,6,0
2010-12-07,27.5,54.2,96.1,0.0,15.0,46.3,17.3,2010,12,7,1
2010-12-08,26.5,57.1,105.2,0.0,15.9,5.4,12.2,2010,12,8,2
2010-12-09,26.8,59.8,105.6,0.0,19.2,3.7,7.5,2010,12,9,3
2010-12-10,29.4,64.5,39.9,0.0,23.4,63.6,6.0,2010,12,10,4
2010-12-11,33.8,78.0,60.0,0.1,30.5,82.8,4.0,2010,12,11,5
2010-12-12,42.2,96.5,10.0,1.2,36.4,100.0,11.2,2010,12,12,6
2010-12-13,27.2,67.6,59.1,0.0,13.8,94.7,20.1,2010,12,13,0
2010-12-14,22.1,51.9,56.3,0.0,6.7,85.9,21.1,2010,12,14,1
2010-12-15,22.8,51.1,85.7,0.0,10.5,25.0,14.1,2010,12,15,2
2010-12-16,22.6,77.1,29.1,0.1,17.4,74.5,4.4,2010,12,16,3
2010-12-17,26.7,66.9,101.1,0.0,19.5,7.6,7.0,2010,12,17,4
2010-12-18,29.0,74.6,67.7,0.0,27.2,72.0,1.8,2010,12,18,5
2010-12-19,29.1,69.5,65.9,0.0,20.0,31.4,11.0,2010,12,19,6
2010-12-20,28.5,64.9,92.6,0.0,16.7,20.8,16.0,2010,12,20,0
2010-12-21,30.3,67.5,94.4,0.0,20.4,37.3,12.8,2010,12,21,1
2010-12-22,32.9,73.7,73.2,0.0,25.2,44.5,10.1,2010,12,22,2
2010-12-23,31.8,68.0,96.5,0.0,19.8,27.0,20.3,2010,12,23,3
2010-12-24,30.5,71.7,98.8,0.0,20.0,16.0,14.3,2010,12,24,4
2010-12-25,30.4,75.1,55.3,0.0,26.1,95.7,4.3,2010,12,25,5
2010-12-26,26.4,82.8,29.7,0.3,13.7,99.0,17.8,2010,12,26,6
2010-12-27,26.7,57.6,70.0,0.0,11.5,60.0,25.8,2010,12,27,0
2010-12-28,30.9,50.9,99.5,0.0,20.6,5.2,14.1,2010,12,28,1
2010-12-29,32.1,69.3,101.5,0.0,26.9,14.2,5.6,2010,12,29,2
2010-12-30,33.7,77.4,62.7,0.0,29.9,54.8,4.8,2010,12,30,3
2010-12-31,36.9,82.6,71.8,0.0,31.6,68.9,6.8,2010,12,31,4
2011-01-01,46.6,96.0,49.0,0.0,41.7,92.6,11.1,2011,1,1,5
2011-01-02,43.7,87.8,8.2,0.2,37.7,85.4,11.4,2011,1,2,6
2011-01-03,30.5,51.9,105.1,0.0,22.6,0.5,9.3,2011,1,3,0
2011-01-04,33.2,63.3,89.0,0.0,26.1,27.3,8.6,2011,1,4,1
2011-01-05,31.5,63.0,82.0,0.0,24.7,25.5,7.6,2011,1,5,2
2011-01-06,30.7,61.1,83.9,0.0,25.9,44.3,4.8,2011,1,6,3
2011-01-07,30.3,62.1,90.0,0.0,23.0,69.5,8.0,2011,1,7,4
2011-01-08,27.5,59.5,71.2,0.0,18.1,62.8,12.3,2011,1,8,5
2011-01-09,25.6,52.4,109.4,0.0,12.4,16.0,17.8,2011,1,9,6
2011-01-10,26.5,61.4,61.4,0.0,17.6,71.4,9.2,2011,1,10,0
2011-01-11,27.7,81.3,30.5,0.2,23.1,80.4,4.4,2011,1,11,1
2011-01-12,27.3,73.9,73.8,0.0,15.6,60.1,15.6,2011,1,12,2
2011-01-13,26.3,71.3,72.8,0.0,14.8,62.1,14.0,2011,1,13,3
2011-01-14,25.5,70.7,106.8,0.0,18.7,35.2,6.4,2011,1,14,4
2011-01-15,32.3,71.1,90.9,0.0,25.6,79.3,8.2,2011,1,15,5
2011-01-16,31.3,70.5,81.1,0.0,23.7,51.4,9.0,2011,1,16,6
2011-01-17,29.4,72.8,54.5,0.2,21.4,96.0,8.5,2011,1,17,0
2011-01-18,31.8,95.0,47.9,0.2,24.4,85.8,8.8,2011,1,18,1
2011-01-19,36.3,92.6,104.0,0.1,30.7,48.6,7.8,2011,1,19,2
2011-01-20,33.6,82.3,74.2,0.0,27.7,64.8,7.1,2011,1,20,3
2011-01-21,26.7,68.0,121.8,0.0,14.5,33.3,16.0,2011,1,21,4
2011-01-22,19.4,46.9,68.9,0.0,11.0,69.1,6.7,2011,1,22,5
2011-01-23,21.8,52.8,77.7,0.0,11.0,38.2,10.8,2011,1,23,6
2011-01-24,22.2,57.8,107.7,0.0,14.6,14.5,6.3,2011,1,24,0
2011-01-25,32.2,74.0,87.2,0.0,26.8,71.4,5.7,2011,1,25,1
2011-01-26,33.0,95.2,12.8,1.3,23.3,100.0,14.6,2011,1,26,2
2011-01-27,28.7,91.9,109.8,0.0,21.1,53.7,9.2,2011,1,27,3
2011-01-28,31.2,96.8,57.0,0.1,26.4,92.8,5.2,2011,1,28,4
2011-01-29,29.7,92.3,79.6,0.0,24.0,65.0,6.0,2011,1,29,5
2011-01-30,32.6,92.7,91.1,0.0,27.5,71.1,5.5,2011,1,30,6
2011-01-31,27.1,88.0,33.0,0.0,19.4,90.1,7.3,2011,1,31,0
2011-02-01,31.5,96.2,68.9,0.2,28.0,99.4,4.2,2011,2,1,1
2011-02-02,36.4,92.8,68.6,0.6,29.0,73.3,11.6,2011,2,2,2
2011-02-03,27.6,76.8,109.1,0.0,19.8,60.4,9.1,2011,2,3,3
2011-02-04,31.9,77.8,78.4,0.0,27.2,100.0,5.2,2011,2,4,4
2011-02-05,34.1,95.4,13.2,0.2,27.7,94.2,8.5,2011,2,5,5
2011-02-06,35.8,84.8,142.5,0.0,30.4,30.9,7.1,2011,2,6,6
2011-02-07,37.2,91.2,121.9,0.0,33.9,52.8,4.8,2011,2,7,0
2011-02-08,31.6,74.2,131.7,0.0,21.0,48.5,16.1,2011,2,8,1
2011-02-09,27.4,48.5,101.8,0.0,19.6,65.1,7.8,2011,2,9,2
2011-02-10,25.4,56.5,137.9,0.0,16.5,40.4,10.0,2011,2,10,3
2011-02-11,28.9,62.2,158.3,0.0,24.0,0.5,4.7,2011,2,11,4
2011-02-12,33.5,62.8,125.0,0.0,26.6,34.2,10.2,2011,2,12,5
2011-02-13,40.2,68.2,108.5,0.0,33.4,65.3,12.7,2011,2,13,6
2011-02-14,45.6,66.2,158.2,0.0,38.1,9.6,19.2,2011,2,14,0
2011-02-15,33.9,56.0,165.5,0.0,26.2,10.7,11.3,2011,2,15,1
2011-02-16,40.9,60.5,124.8,0.0,34.7,41.2,10.8,2011,2,16,2
2011-02-17,51.9,73.4,152.4,0.0,48.8,49.8,9.3,2011,2,17,3
2011-02-18,59.2,71.6,117.0,0.0,56.9,50.2,14.0,2011,2,18,4
2011-02-19,42.6,46.2,173.4,0.0,33.8,0.5,21.5,2011,2,19,5
2011-02-20,37.7,50.4,135.8,0.0,31.4,46.9,9.1,2011,2,20,6
2011-02-21,40.1,75.8,63.0,0.4,32.7,98.8,13.0,2011,2,21,0
2011-02-22,26.2,92.4,114.1,0.2,18.0,63.9,8.1,2011,2,22,1
2011-02-23,29.4,77.0,182.5,0.0,25.0,0.9,4.3,2011,2,23,2
2011-02-24,39.1,83.2,121.2,0.2,33.2,49.3,9.5,2011,2,24,3
2011-02-25,46.2,84.7,78.9,0.8,39.5,72.6,18.2,2011,2,25,4
2011-02-26,37.9,69.8,119.5,0.0,32.8,54.1,7.1,2011,2,26,5
2011-02-27,45.1,81.3,90.0,0.0,42.1,95.7,6.2,2011,2,27,6
2011-02-28,54.3,86.6,104.6,1.1,50.8,96.0,15.4,2011,2,28,0
2011-03-01,37.2,67.3,194.8,0.0,31.2,7.4,8.7,2011,3,1,1
2011-03-02,41.4,64.6,179.9,0.0,34.4,12.7,13.3,2011,3,2,2
2011-03-03,31.1,43.9,172.6,0.0,23.8,58.4,8.3,2011,3,3,3
2011-03-04,36.8,70.1,168.6,0.0,30.2,56.2,9.5,2011,3,4,4
2011-03-05,49.8,86.5,105.0,0.0,45.1,94.8,13.2,2011,3,5,5
2011-03-06,49.7,93.2,21.2,1.7,43.9,99.8,16.3,2011,3,6,6
2011-03-07,38.0,71.9,206.3,0.0,30.0,45.6,14.4,2011,3,7,0
2011-03-08,38.8,66.0,165.5,0.0,34.2,51.7,6.5,2011,3,8,1
2011-03-09,41.3,88.4,64.8,0.2,34.9,98.5,12.0,2011,3,9,2
2011-03-10,52.3,95.8,9.1,1.8,47.1,100.0,17.4,2011,3,10,3
2011-03-11,42.5,76.9,178.5,0.0,37.4,56.2,8.8,2011,3,11,4
2011-03-12,45.8,74.2,140.9,0.0,40.5,29.0,11.4,2011,3,12,5
2011-03-13,47.4,73.9,170.8,0.0,42.7,28.0,10.8,2011,3,13,6
2011-03-14,42.1,68.9,133.6,0.0,37.8,73.0,6.9,2011,3,14,0
2011-03-15,42.5,78.0,129.8,0.3,38.3,82.6,7.2,2011,3,15,1
2011-03-16,47.9,85.4,121.5,0.1,45.0,96.0,6.8,2011,3,16,2
2011-03-17,51.3,73.8,217.3,0.0,48.3,28.1,8.0,2011,3,17,3
2011-03-18,61.7,75.1,168.0,0.0,61.0,59.3,10.8,2011,3,18,4
2011-03-19,51.6,67.3,204.1,0.0,47.6,37.5,11.7,2011,3,19,5
2011-03-20,42.4,64.6,164.0,0.0,38.0,54.6,7.6,2011,3,20,6
2011-03-21,55.2,82.2,104.6,0.1,51.6,95.5,13.4,2011,3,21,0
2011-03-22,52.3,78.8,109.3,0.0,49.3,90.0,8.6,2011,3,22,1
2011-03-23,45.7,93.2,47.6,0.6,41.0,99.9,9.2,2011,3,23,2
2011-03-24,40.0,84.1,94.4,0.0,34.4,90.8,8.7,2011,3,24,3
2011-03-25,37.6,63.3,190.9,0.0,32.6,55.7,6.6,2011,3,25,4
2011-03-26,36.2,54.2,224.6,0.0,31.0,44.3,6.4,2011,3,26,5
2011-03-27,35.1,71.5,151.7,0.1,29.8,67.7,6.5,2011,3,27,6
2011-03-28,35.3,49.2,159.2,0.0,29.5,39.4,7.0,2011,3,28,0
2011-03-29,38.0,48.8,245.8,0.0,33.4,13.3,6.3,2011,3,29,1
2011-03-30,40.7,74.1,76.2,0.3,36.0,98.1,7.1,2011,3,30,2
2011-03-31,39.5,94.6,58.5,0.1,34.5,99.8,7.2,2011,3,31,3
2011-04-01,41.1,82.7,128.7,0.0,34.9,86.0,11.0,2011,4,1,4
2011-04-02,43.5,73.3,201.0,0.0,37.8,34.4,11.2,2011,4,2,5
2011-04-03,46.7,69.0,198.6,0.1,42.2,55.8,9.4,2011,4,3,6
2011-04-04,63.3,64.2,253.0,0.0,61.9,40.6,16.1,2011,4,4,0
2011-04-05,51.1,75.9,78.6,0.5,46.3,70.0,15.8,2011,4,5,1
2011-04-06,49.1,61.1,269.1,0.0,45.1,10.9,10.2,2011,4,6,2
2011-04-07,52.7,74.2,183.3,0.0,51.0,81.3,6.5,2011,4,7,3
2011-04-08,45.9,87.0,103.8,0.3,41.5,97.0,9.0,2011,4,8,4
2011-04-09,45.7,90.7,84.0,0.0,43.2,96.7,5.1,2011,4,9,5
2011-04-10,54.8,89.0,113.2,0.0,53.5,91.8,7.0,2011,4,10,6
2011-04-11,69.4,81.9,160.0,0.0,70.5,96.8,12.9,2011,4,11,0
2011-04-12,57.7,91.4,27.1,0.5,55.0,96.9,12.0,2011,4,12,1
2011-04-13,51.5,88.0,100.8,0.2,48.6,79.0,8.2,2011,4,13,2
2011-04-14,55.2,70.0,283.4,0.0,53.7,3.2,5.3,2011,4,14,3
2011-04-15,53.8,77.0,233.0,0.0,50.8,57.4,10.8,2011,4,15,4
2011-04-16,54.9,92.2,26.0,1.8,50.4,92.8,18.5,2011,4,16,5
2011-04-17,54.1,66.4,287.8,0.0,50.5,10.9,12.4,2011,4,17,6
2011-04-18,61.2,66.8,187.6,0.0,60.6,59.2,8.5,2011,4,18,0
2011-04-19,62.4,76.8,147.8,0.0,62.0,92.5,7.3,2011,4,19,1
2011-04-20,68.5,69.5,213.5,0.0,69.0,65.0,12.0,2011,4,20,2
2011-04-21,53.2,60.3,194.3,0.0,49.9,67.5,11.2,2011,4,21,3
2011-04-22,44.4,80.5,45.2,0.6,39.2,96.6,9.6,2011,4,22,4
2011-04-23,60.2,84.2,144.3,0.0,59.5,96.2,11.3,2011,4,23,5
2011-04-24,69.6,77.3,220.0,0.2,70.6,70.0,7.2,2011,4,24,6
2011-04-25,72.5,75.8,284.0,0.0,74.5,55.3,7.7,2011,4,25,0
2011-04-26,72.9,73.8,246.0,0.0,75.0,60.5,13.1,2011,4,26,1
2011-04-27,71.6,83.8,132.2,0.1,73.9,89.5,12.8,2011,4,27,2
2011-04-28,66.8,78.6,40.0,0.3,68.1,75.1,13.2,2011,4,28,3
2011-04-29,57.9,63.5,216.0,0.0,56.2,32.9,9.2,2011,4,29,4
2011-04-30,54.3,69.2,295.0,0.0,52.5,30.2,6.3,2011,4,30,5
2011-05-01,54.7,78.3,103.3,0.0,53.4,73.9,6.0,2011,5,1,6
2011-05-02,64.7,75.5,158.4,0.0,64.7,93.0,8.3,2011,5,2,0
2011-05-03,71.1,72.9,203.1,0.0,72.3,91.5,10.8,2011,5,3,1
2011-05-04,50.6,80.5,111.9,0.7,46.3,84.5,12.1,2011,5,4,2
2011-05-05,54.4,58.8,320.1,0.0,51.5,2.2,10.6,2011,5,5,3
2011-05-06,57.3,67.4,223.4,0.0,56.0,52.0,7.8,2011,5,6,4
2011-05-07,59.7,68.1,285.2,0.0,59.4,47.0,6.6,2011,5,7,5
2011-05-08,59.2,80.3,204.2,0.1,58.9,57.8,3.5,2011,5,8,6
2011-05-09,60.7,71.4,301.5,0.0,60.5,39.5,7.0,2011,5,9,0
2011-05-10,59.9,68.0,296.5,0.0,60.1,33.8,4.9,2011,5,10,1
2011-05-11,61.2,75.2,276.2,0.0,61.3,39.5,6.1,2011,5,11,2
2011-05-12,62.4,79.6,238.8,0.0,62.9,74.6,6.0,2011,5,12,3
2011-05-13,61.0,90.1,81.4,0.0,60.3,95.3,7.7,2011,5,13,4
2011-05-14,61.0,95.0,45.5,0.2,60.2,99.8,8.2,2011,5,14,5
2011-05-15,65.9,93.9,187.0,0.7,66.8,58.2,6.9,2011,5,15,6
2011-05-16,65.4,86.1,259.0,0.3,66.2,50.4,5.7,2011,5,16,0
2011-05-17,64.0,93.2,156.8,0.7,63.3,71.1,10.3,2011,5,17,1
2011-05-18,64.1,90.5,251.3,0.4,63.7,45.2,7.3,2011,5,18,2
2011-05-19,62.3,88.0,262.2,0.3,62.4,39.7,3.9,2011,5,19,3
2011-05-20,62.0,79.6,214.6,0.1,61.3,38.5,6.7,2011,5,20,4
2011-05-21,67.2,78.5,294.2,0.0,68.1,36.8,4.5,2011,5,21,5
2011-05-22,68.8,78.3,184.3,0.0,70.1,74.4,6.8,2011,5,22,6
2011-05-23,72.3,81.7,168.5,0.2,74.8,81.1,8.7,2011,5,23,0
2011-05-24,74.9,68.9,266.4,0.0,76.7,56.6,8.0,2011,5,24,1
2011-05-25,74.2,79.2,323.1,0.2,76.9,11.4,4.9,2011,5,25,2
2011-05-26,78.6,66.3,304.7,0.0,80.9,19.5,8.8,2011,5,26,3
2011-05-27,75.4,71.5,270.4,0.0,77.9,62.0,8.3,2011,5,27,4
2011-05-28,73.6,74.5,298.3,0.0,75.3,57.2,7.6,2011,5,28,5
2011-05-29,76.2,78.3,258.6,0.0,79.2,66.7,7.1,2011,5,29,6
2011-05-30,78.4,73.5,199.3,0.0,82.5,49.7,4.8,2011,5,30,0
2011-05-31,82.2,68.5,328.8,0.0,87.6,2.1,4.5,2011,5,31,1
2011-06-01,82.7,63.2,308.7,0.0,87.3,11.0,7.0,2011,6,1,2
2011-06-02,73.0,45.7,343.4,0.0,74.0,0.4,10.1,2011,6,2,3
2011-06-03,64.8,56.1,241.0,0.0,65.2,67.2,5.8,2011,6,3,4
2011-06-04,68.8,57.7,218.2,0.0,69.0,66.9,3.9,2011,6,4,5
2011-06-05,71.4,73.0,199.5,0.0,72.7,65.7,4.2,2011,6,5,6
2011-06-06,71.0,74.1,337.7,0.0,71.9,3.3,4.2,2011,6,6,0
2011-06-07,75.8,62.5,306.2,0.0,77.1,30.6,6.4,2011,6,7,1
2011-06-08,82.2,62.8,334.9,0.0,86.3,9.2,4.4,2011,6,8,2
2011-06-09,85.0,57.2,298.6,0.0,88.6,32.1,5.6,2011,6,9,3
2011-06-10,80.4,65.0,319.6,0.0,84.0,19.5,5.8,2011,6,10,4
2011-06-11,79.4,71.0,311.7,0.0,83.5,47.8,4.2,2011,6,11,5
2011-06-12,76.3,72.7,259.3,0.1,79.2,39.0,3.8,2011,6,12,6
2011-06-13,67.9,62.3,336.2,0.0,68.5,29.4,7.6,2011,6,13,0
2011-06-14,66.7,64.8,258.5,0.0,67.1,39.4,8.0,2011,6,14,1
2011-06-15,67.6,58.8,329.2,0.0,67.3,33.3,5.4,2011,6,15,2
2011-06-16,69.5,69.4,207.3,0.4,70.0,76.3,8.6,2011,6,16,3
2011-06-17,72.1,76.3,190.2,0.0,73.4,43.6,6.1,2011,6,17,4
2011-06-18,76.4,69.5,211.0,0.0,78.7,71.1,4.4,2011,6,18,5
2011-06-19,74.3,76.0,180.2,0.3,77.1,69.0,5.5,2011,6,19,6
2011-06-20,68.3,80.4,109.5,0.4,69.2,85.5,5.7,2011,6,20,0
2011-06-21,75.5,73.7,210.0,0.2,78.2,88.4,5.5,2011,6,21,1
2011-06-22,80.1,69.1,190.9,0.0,83.9,97.9,5.8,2011,6,22,2
2011-06-23,77.3,70.2,172.6,0.1,80.8,88.6,8.5,2011,6,23,3
2011-06-24,78.0,58.3,239.2,0.0,80.6,55.4,8.0,2011,6,24,4
2011-06-25,74.3,61.1,202.1,0.0,76.7,69.8,6.0,2011,6,25,5
2011-06-26,73.1,62.9,195.7,0.0,74.3,94.6,4.7,2011,6,26,6
2011-06-27,74.2,73.6,153.9,0.0,76.5,88.9,3.2,2011,6,27,0
2011-06-28,78.5,76.9,234.0,0.1,82.5,66.2,4.5,2011,6,28,1
2011-06-29,76.7,58.1,337.5,0.0,78.7,31.5,7.8,2011,6,29,2
2011-06-30,72.5,59.3,334.7,0.0,72.9,7.7,4.8,2011,6,30,3
2011-07-01,74.6,50.0,346.3,0.0,75.2,7.2,5.6,2011,7,1,4
2011-07-02,76.9,56.8,231.2,0.0,78.0,69.3,2.7,2011,7,2,5
2011-07-03,79.6,68.9,247.2,0.2,83.8,67.0,5.5,2011,7,3,6
2011-07-04,77.6,74.2,200.7,0.0,81.5,87.6,5.3,2011,7,4,0
2011-07-05,80.6,68.7,314.3,0.0,83.8,22.3,3.3,2011,7,5,1
2011-07-06,79.8,64.4,197.0,0.0,83.0,66.5,5.0,2011,7,6,2
2011-07-07,82.6,58.8,331.0,0.0,84.9,13.9,5.2,2011,7,7,3
2011-07-08,78.0,80.7,233.6,0.9,83.0,80.0,6.3,2011,7,8,4
2011-07-09,76.6,64.1,334.5,0.0,77.9,20.2,5.2,2011,7,9,5
2011-07-10,79.8,59.2,334.4,0.0,81.2,3.5,3.8,2011,7,10,6
2011-07-11,84.2,58.2,304.0,0.0,88.6,6.3,8.3,2011,7,11,0
2011-07-12,84.4,54.5,327.4,0.0,87.6,9.6,7.2,2011,7,12,1
2011-07-13,81.1,60.7,241.5,0.0,84.0,29.2,6.8,2011,7,13,2
2011-07-14,74.5,50.7,261.8,0.0,75.7,36.1,7.9,2011,7,14,3
2011-07-15,73.3,57.7,243.1,0.0,73.8,47.5,5.8,2011,7,15,4
2011-07-16,74.9,57.0,334.5,0.0,75.8,2.5,6.4,2011,7,16,5
2011-07-17,78.6,58.2,291.0,0.0,79.9,11.3,7.2,2011,7,17,6
2011-07-18,82.8,56.6,288.3,0.0,85.7,36.6,5.8,2011,7,18,0
2011-07-19,82.7,71.6,302.8,0.4,89.3,45.5,5.4,2011,7,19,1
2011-07-20,83.0,74.3,230.4,0.0,88.5,47.8,3.8,2011,7,20,2
2011-07-21,87.9,63.2,290.5,0.0,94.4,47.2,5.9,2011,7,21,3
2011-07-22,91.9,52.6,313.3,0.0,99.1,13.0,5.5,2011,7,22,4
2011-07-23,90.8,50.4,284.5,0.0,95.8,50.0,5.3,2011,7,23,5
2011-07-24,87.4,59.8,214.3,0.0,93.1,68.6,6.8,2011,7,24,6
2011-07-25,81.0,80.7,270.2,0.3,87.8,65.5,3.5,2011,7,25,0
2011-07-26,84.0,51.4,325.7,0.0,85.4,5.2,6.5,2011,7,26,1
2011-07-27,80.6,45.0,311.3,0.0,82.2,31.4,6.5,2011,7,27,2
2011-07-28,83.0,60.1,220.1,0.0,86.0,80.7,4.5,2011,7,28,3
2011-07-29,89.0,51.9,285.5,0.0,92.4,33.2,6.5,2011,7,29,4
2011-07-30,84.0,50.2,269.4,0.0,86.1,25.0,5.8,2011,7,30,5
2011-07-31,81.4,56.5,291.5,0.0,83.2,9.8,4.1,2011,7,31,6
2011-08-01,83.3,52.1,276.8,0.0,85.1,24.7,5.8,2011,8,1,0
2011-08-02,82.4,51.1,255.9,0.0,83.7,57.3,7.6,2011,8,2,1
2011-08-03,80.8,58.2,106.7,0.0,83.1,83.5,4.1,2011,8,3,2
2011-08-04,77.8,72.9,259.4,0.0,81.8,49.0,7.1,2011,8,4,3
2011-08-05,78.4,59.8,238.4,0.0,79.6,64.8,6.1,2011,8,5,4
2011-08-06,80.1,71.2,270.8,0.3,84.6,49.5,8.2,2011,8,6,5
2011-08-07,81.9,71.8,210.2,0.0,87.0,25.3,7.3,2011,8,7,6
2011-08-08,82.8,55.7,301.2,0.0,85.0,8.3,7.3,2011,8,8,0
2011-08-09,81.6,60.8,149.1,0.0,84.2,43.2,5.2,2011,8,9,1
2011-08-10,79.9,47.1,261.0,0.0,81.8,12.0,8.4,2011,8,10,2
2011-08-11,75.1,49.5,306.1,0.0,76.0,8.8,5.8,2011,8,11,3
2011-08-12,75.3,43.2,305.0,0.0,75.9,0.3,5.1,2011,8,12,4
2011-08-13,75.0,73.8,167.6,0.2,77.7,63.5,7.1,2011,8,13,5
2011-08-14,73.9,89.8,165.7,0.7,78.2,43.1,5.6,2011,8,14,6
2011-08-15,71.8,86.8,217.4,0.6,73.8,48.5,5.5,2011,8,15,0
2011-08-16,72.8,73.9,264.7,0.1,74.0,15.0,7.8,2011,8,16,1
2011-08-17,78.2,55.8,273.4,0.0,79.1,17.6,4.8,2011,8,17,2
2011-08-18,79.5,53.2,187.8,0.0,81.5,73.8,7.8,2011,8,18,3
2011-08-19,76.4,66.3,244.1,0.0,78.0,18.1,3.1,2011,8,19,4
2011-08-20,76.9,59.8,288.9,0.0,77.9,26.9,3.5,2011,8,20,5
2011-08-21,78.0,72.3,141.6,0.3,82.0,77.1,7.8,2011,8,21,6
2011-08-22,73.4,53.3,287.0,0.0,74.2,21.5,7.8,2011,8,22,0
2011-08-23,71.5,46.5,215.6,0.0,71.8,47.1,4.2,2011,8,23,1
2011-08-24,76.0,56.2,280.2,0.0,76.7,10.1,9.8,2011,8,24,2
2011-08-25,75.2,81.5,103.4,0.4,79.1,64.2,7.9,2011,8,25,3
2011-08-26,76.6,77.9,222.0,0.0,79.8,43.2,4.0,2011,8,26,4
2011-08-27,72.8,94.6,34.6,4.6,77.4,100.0,19.3,2011,8,27,5
2011-08-28,71.4,78.8,141.7,1.5,72.2,57.6,16.1,2011,8,28,6
2011-08-29,67.3,64.6,119.0,0.0,68.0,65.6,4.8,2011,8,29,0
2011-08-30,67.1,64.0,277.5,0.0,67.9,1.9,5.2,2011,8,30,1
2011-08-31,68.9,68.5,253.1,0.0,69.6,40.8,3.3,2011,8,31,2
2011-09-01,71.3,65.5,232.1,0.0,73.5,34.3,5.2,2011,9,1,3
2011-09-02,70.3,74.0,115.8,0.0,71.6,67.6,5.8,2011,9,2,4
2011-09-03,73.6,77.7,252.4,0.0,76.3,3.4,5.5,2011,9,3,5
2011-09-04,77.7,71.5,181.6,0.0,81.8,80.9,7.1,2011,9,4,6
2011-09-05,75.3,80.7,189.3,0.5,79.3,86.0,7.0,2011,9,5,0
2011-09-06,63.0,94.8,24.7,0.7,61.9,100.0,11.1,2011,9,6,1
2011-09-07,71.8,97.3,73.1,3.4,75.6,96.0,6.5,2011,9,7,2
2011-09-08,71.9,97.4,61.7,3.3,76.6,88.5,4.7,2011,9,8,3
2011-09-09,72.0,94.5,123.8,0.2,75.2,63.0,4.4,2011,9,9,4
2011-09-10,71.4,88.4,242.1,0.1,73.1,17.6,4.8,2011,9,10,5
2011-09-11,71.8,83.5,245.4,0.1,73.4,20.0,3.0,2011,9,11,6
2011-09-12,70.5,76.7,245.4,0.0,71.6,12.3,3.5,2011,9,12,0
2011-09-13,71.6,72.0,245.1,0.0,73.3,0.0,4.7,2011,9,13,1
2011-09-14,74.1,72.0,241.1,0.0,76.7,1.2,5.7,2011,9,14,2
2011-09-15,65.2,82.3,152.2,0.2,65.5,61.7,8.9,2011,9,15,3
2011-09-16,54.8,68.1,203.9,0.0,53.5,56.4,5.2,2011,9,16,4
2011-09-17,56.0,81.0,58.6,0.0,55.2,79.7,5.7,2011,9,17,5
2011-09-18,57.1,87.0,43.5,0.0,55.8,71.3,6.1,2011,9,18,6
2011-09-19,61.5,81.1,175.2,0.0,61.3,66.2,5.4,2011,9,19,0
2011-09-20,66.0,87.9,115.1,0.1,67.0,74.1,5.8,2011,9,20,1
2011-09-21,68.1,94.5,115.3,0.4,69.3,79.7,5.0,2011,9,21,2
2011-09-22,71.8,92.1,115.0,0.0,74.0,98.1,4.4,2011,9,22,3
2011-09-23,70.0,97.3,26.4,1.1,73.2,92.2,4.5,2011,9,23,4
2011-09-24,68.8,90.5,118.2,0.0,69.9,67.9,4.5,2011,9,24,5
2011-09-25,70.1,88.9,125.0,0.0,71.4,85.5,3.6,2011,9,25,6
2011-09-26,71.5,90.7,125.0,0.0,73.9,79.0,5.0,2011,9,26,0
2011-09-27,72.2,93.0,120.6,0.4,74.7,62.8,6.8,2011,9,27,1
2011-09-28,72.2,93.6,108.8,0.5,75.6,70.6,6.3,2011,9,28,2
2011-09-29,67.8,79.7,142.5,0.1,69.0,48.0,5.9,2011,9,29,3
2011-09-30,64.5,67.6,190.8,0.0,64.6,36.7,7.3,2011,9,30,4
2011-10-01,51.5,82.2,99.5,0.1,47.6,62.4,11.2,2011,10,1,5
2011-10-02,46.4,86.0,63.3,0.1,41.7,95.0,9.6,2011,10,2,6
2011-10-03,47.7,85.5,128.5,0.0,45.9,68.8,4.8,2011,10,3,0
2011-10-04,56.5,82.1,162.5,0.0,54.6,37.8,8.9,2011,10,4,1
2011-10-05,61.1,72.1,204.0,0.0,60.2,0.2,9.2,2011,10,5,2
2011-10-06,55.7,74.0,204.8,0.0,54.9,0.0,3.1,2011,10,6,3
2011-10-07,57.1,77.9,201.0,0.0,56.7,0.0,3.2,2011,10,7,4
2011-10-08,57.1,78.2,197.5,0.0,57.5,0.0,2.2,2011,10,8,5
2011-10-09,61.3,73.7,187.2,0.0,61.5,22.8,2.7,2011,10,9,6
2011-10-10,65.6,74.4,117.1,0.0,66.2,95.1,4.2,2011,10,10,0
2011-10-11,65.0,83.8,57.5,0.0,65.0,98.5,5.9,2011,10,11,1
2011-10-12,64.0,90.8,51.4,0.6,63.1,99.5,11.7,2011,10,12,2
2011-10-13,66.9,96.5,44.3,0.9,67.4,89.9,8.7,2011,10,13,3
2011-10-14,62.2,82.7,90.7,0.3,60.9,40.9,11.5,2011,10,14,4
2011-10-15,58.6,57.8,184.8,0.0,56.1,0.1,13.1,2011,10,15,5
2011-10-16,60.3,55.2,175.7,0.0,58.5,18.7,12.4,2011,10,16,6
2011-10-17,60.7,69.8,139.5,0.0,60.3,53.1,6.1,2011,10,17,0
2011-10-18,61.9,74.0,128.7,0.0,62.2,63.5,6.0,2011,10,18,1
2011-10-19,65.5,92.9,56.0,0.6,64.9,93.2,11.3,2011,10,19,2
2011-10-20,55.3,71.1,145.7,0.0,51.3,41.2,16.1,2011,10,20,3
2011-10-21,51.2,70.4,166.8,0.0,47.9,4.2,9.1,2011,10,21,4
2011-10-22,51.2,73.3,133.6,0.0,49.7,42.0,5.0,2011,10,22,5
2011-10-23,53.7,75.6,105.5,0.0,53.1,75.2,3.7,2011,10,23,6
2011-10-24,55.2,82.7,110.2,0.0,53.9,59.9,6.2,2011,10,24,0
2011-10-25,54.7,68.6,164.3,0.0,52.4,1.8,8.2,2011,10,25,1
2011-10-26,58.2,72.0,77.8,0.0,56.5,70.2,9.0,2011,10,26,2
2011-10-27,56.1,88.1,37.5,0.4,53.1,84.5,12.1,2011,10,27,3
2011-10-28,43.4,67.2,126.1,0.1,38.9,74.1,8.0,2011,10,28,4
2011-10-29,35.7,97.2,11.4,1.4,26.7,92.2,14.2,2011,10,29,5
2011-10-30,38.9,78.1,157.0,0.0,34.0,5.2,7.5,2011,10,30,6
2011-10-31,43.8,77.2,119.9,0.1,41.5,65.5,4.8,2011,10,31,0
2011-11-01,46.8,90.4,102.2,0.0,43.8,48.2,6.5,2011,11,1,1
2011-11-02,47.0,86.0,75.3,0.0,45.2,47.3,4.5,2011,11,2,2
2011-11-03,49.5,79.3,117.8,0.0,46.8,40.7,7.0,2011,11,3,3
2011-11-04,47.3,76.6,61.3,0.0,42.9,69.1,11.0,2011,11,4,4
2011-11-05,40.7,68.3,146.6,0.0,35.9,0.0,7.8,2011,11,5,5
2011-11-06,43.9,83.4,110.3,0.0,41.8,15.2,4.8,2011,11,6,6
2011-11-07,48.8,85.2,105.5,0.0,47.3,17.4,3.6,2011,11,7,0
2011-11-08,50.3,78.4,140.3,0.0,49.3,2.6,3.5,2011,11,8,1
2011-11-09,50.6,88.1,137.8,0.0,49.2,13.0,5.0,2011,11,9,2
2011-11-10,49.7,86.0,26.2,0.0,46.0,97.3,9.9,2011,11,10,3
2011-11-11,40.9,64.1,133.4,0.0,33.8,8.8,13.1,2011,11,11,4
2011-11-12,46.1,60.9,132.0,0.0,41.2,6.8,10.7,2011,11,12,5
2011-11-13,51.6,62.8,98.5,0.0,47.3,57.7,13.3,2011,11,13,6
2011-11-14,60.6,72.8,85.7,0.0,58.3,81.8,14.6,2011,11,14,0
2011-11-15,61.7,83.4,47.5,0.0,61.2,93.0,7.2,2011,11,15,1
2011-11-16,56.3,95.0,11.0,0.7,54.9,98.4,6.9,2011,11,16,2
2011-11-17,42.0,82.1,24.4,0.2,35.5,74.9,11.8,2011,11,17,3
2011-11-18,36.0,62.0,126.1,0.0,30.2,3.2,7.5,2011,11,18,4
2011-11-19,42.7,72.3,119.7,0.0,36.8,35.0,10.7,2011,11,19,5
2011-11-20,56.5,87.6,76.8,0.2,54.2,91.8,9.8,2011,11,20,6
2011-11-21,55.1,93.1,44.0,0.3,53.4,98.2,6.7,2011,11,21,0
2011-11-22,54.4,97.2,5.2,1.7,52.6,100.0,7.5,2011,11,22,1
2011-11-23,53.3,86.2,59.4,0.5,48.4,86.3,17.0,2011,11,23,2
2011-11-24,46.1,75.1,117.5,0.0,42.2,1.1,7.8,2011,11,24,3
2011-11-25,48.9,73.0,112.3,0.0,46.5,21.1,6.2,2011,11,25,4
2011-11-26,50.5,73.2,71.2,0.0,48.7,87.5,4.8,2011,11,26,5
2011-11-27,57.7,86.8,68.1,0.0,55.3,91.5,12.0,2011,11,27,6
2011-11-28,60.2,90.0,54.6,0.0,58.9,92.0,9.4,2011,11,28,0
2011-11-29,54.3,90.7,23.0,0.4,50.7,69.0,13.3,2011,11,29,1
2011-11-30,41.8,78.0,87.7,0.0,35.2,29.6,12.2,2011,11,30,2
2011-12-01,39.5,72.4,111.0,0.0,34.1,2.2,8.3,2011,12,1,3
2011-12-02,41.4,74.8,105.7,0.0,38.0,6.5,5.6,2011,12,2,4
2011-12-03,39.4,78.5,105.1,0.0,35.6,27.4,5.5,2011,12,3,5
2011-12-04,43.8,90.3,100.7,0.0,40.5,21.6,6.1,2011,12,4,6
2011-12-05,51.8,93.5,80.5,0.0,49.4,71.0,7.7,2011,12,5,0
2011-12-06,59.3,96.3,9.7,0.7,57.4,99.3,11.0,2011,12,6,1
2011-12-07,53.1,95.5,3.0,3.7,49.4,100.0,12.0,2011,12,7,2
2011-12-08,35.6,81.0,106.4,0.0,29.3,14.1,9.8,2011,12,8,3
2011-12-09,39.6,84.0,97.9,0.0,34.8,30.9,7.0,2011,12,9,4
2011-12-10,37.5,70.7,85.0,0.0,30.8,42.5,10.2,2011,12,10,5
2011-12-11,33.1,63.3,105.2,0.0,28.8,0.1,4.8,2011,12,11,6
2011-12-12,34.1,75.7,71.6,0.0,33.0,72.7,1.8,2011,12,12,0
2011-12-13,37.2,66.5,102.5,0.0,32.2,2.8,6.5,2011,12,13,1
2011-12-14,41.3,74.9,48.5,0.0,38.8,76.2,4.2,2011,12,14,2
2011-12-15,52.2,82.8,66.6,0.0,47.6,89.2,15.1,2011,12,15,3
2011-12-16,45.6,71.3,66.1,0.0,40.8,93.8,10.7,2011,12,16,4
2011-12-17,36.4,72.2,79.1,0.0,29.8,60.1,8.9,2011,12,17,5
2011-12-18,33.3,77.1,58.4,0.0,29.0,57.8,5.0,2011,12,18,6
2011-12-19,39.4,75.7,101.3,0.0,33.0,25.9,10.4,2011,12,19,0
2011-12-20,47.6,83.1,56.3,0.0,44.9,92.1,5.8,2011,12,20,1
2011-12-21,55.5,94.7,18.0,0.3,52.5,96.4,12.5,2011,12,21,2
2011-12-22,53.6,88.3,63.7,0.2,52.0,87.3,6.6,2011,12,22,3
2011-12-23,46.3,81.0,97.1,0.2,41.0,34.9,12.2,2011,12,23,4
2011-12-24,38.7,74.8,96.7,0.0,33.6,35.8,7.2,2011,12,24,5
2011-12-25,38.3,83.1,89.8,0.0,32.5,11.7,8.6,2011,12,25,6
2011-12-26,39.3,75.0,80.5,0.0,33.1,26.9,10.2,2011,12,26,0
2011-12-27,43.2,87.9,10.3,1.1,36.6,79.1,13.4,2011,12,27,1
2011-12-28,37.2,76.4,90.8,0.0,28.6,17.6,14.6,2011,12,28,2
2011-12-29,35.9,73.9,63.3,0.0,31.0,55.8,6.3,2011,12,29,3
2011-12-30,42.8,84.2,75.0,0.0,38.4,48.1,8.0,2011,12,30,4
2011-12-31,49.1,84.3,88.5,0.0,45.3,49.7,9.7,2011,12,31,5
2012-01-01,46.7,83.4,97.8,0.1,42.3,30.0,11.1,2012,1,1,6
2012-01-02,35.4,64.8,81.9,0.0,26.9,38.1,12.7,2012,1,2,0
2012-01-03,26.7,53.3,67.5,0.0,14.3,43.2,16.5,2012,1,3,1
2012-01-04,25.7,43.0,72.5,0.0,16.9,54.8,8.8,2012,1,4,2
2012-01-05,34.3,70.0,85.3,0.0,28.7,36.4,7.0,2012,1,5,3
2012-01-06,43.7,70.5,85.8,0.0,38.3,21.0,10.3,2012,1,6,4
2012-01-07,48.6,73.3,103.5,0.0,44.6,19.3,9.9,2012,1,7,5
2012-01-08,41.4,71.0,75.0,0.0,36.8,51.8,7.2,2012,1,8,6
2012-01-09,34.6,82.6,35.2,0.2,30.8,79.8,4.3,2012,1,9,0
2012-01-10,37.3,84.4,106.7,0.0,32.3,7.1,7.2,2012,1,10,1
2012-01-11,41.3,91.1,51.8,0.8,35.9,78.6,9.9,2012,1,11,2
2012-01-12,49.4,91.8,104.3,0.3,45.0,47.9,10.9,2012,1,12,3
2012-01-13,34.4,68.0,83.0,0.1,24.3,42.2,17.0,2012,1,13,4
2012-01-14,29.9,54.4,110.7,0.0,21.1,27.0,10.3,2012,1,14,5
2012-01-15,27.1,49.0,114.3,0.0,18.9,8.1,8.3,2012,1,15,6
2012-01-16,31.8,57.3,107.3,0.0,23.2,29.5,11.9,2012,1,16,0
2012-01-17,48.2,86.7,56.1,0.2,41.6,73.3,18.5,2012,1,17,1
2012-01-18,36.5,66.6,117.0,0.0,28.4,38.5,13.7,2012,1,18,2
2012-01-19,33.0,57.7,115.2,0.0,25.8,34.4,9.6,2012,1,19,3
2012-01-20,31.5,57.3,81.8,0.0,24.0,83.4,8.8,2012,1,20,4
2012-01-21,29.2,94.6,33.9,0.5,20.5,90.5,9.9,2012,1,21,5
2012-01-22,28.4,89.5,43.8,0.0,21.3,94.3,7.3,2012,1,22,6
2012-01-23,37.3,97.7,29.7,0.0,33.3,100.0,7.1,2012,1,23,0
2012-01-24,44.3,86.0,119.7,0.0,40.5,35.4,7.2,2012,1,24,1
2012-01-25,40.4,78.9,86.9,0.0,36.1,65.4,6.6,2012,1,25,2
2012-01-26,46.1,92.0,45.6,0.0,42.4,98.6,8.0,2012,1,26,3
2012-01-27,51.9,84.3,64.1,0.2,46.9,65.0,16.8,2012,1,27,4
2012-01-28,40.9,73.2,126.9,0.0,35.9,9.2,9.3,2012,1,28,5
2012-01-29,38.0,53.6,126.5,0.0,31.1,16.5,10.6,2012,1,29,6
2012-01-30,36.0,58.4,133.6,0.0,28.9,6.6,10.0,2012,1,30,0
2012-01-31,48.4,68.0,120.7,0.0,43.3,12.7,12.6,2012,1,31,1
2012-02-01,54.8,72.9,87.6,0.0,52.1,57.8,10.1,2012,2,1,2
2012-02-02,46.6,88.4,31.3,0.8,42.8,93.6,8.0,2012,2,2,3
2012-02-03,38.8,77.2,125.5,0.0,34.6,29.2,5.9,2012,2,3,4
2012-02-04,37.5,88.8,55.4,0.1,33.9,74.2,4.9,2012,2,4,5
2012-02-05,37.1,78.4,83.9,0.0,32.0,63.8,6.7,2012,2,5,6
2012-02-06,38.8,74.8,145.9,0.0,33.6,0.9,7.6,2012,2,6,0
2012-02-07,42.3,71.8,147.0,0.0,37.2,22.8,8.6,2012,2,7,1
2012-02-08,36.9,86.5,35.9,0.3,32.0,86.4,6.6,2012,2,8,2
2012-02-09,34.3,68.8,152.6,0.0,27.7,8.9,8.9,2012,2,9,3
2012-02-10,37.3,76.1,111.8,0.1,35.3,76.4,3.0,2012,2,10,4
2012-02-11,32.7,83.9,70.8,0.1,23.4,96.6,14.2,2012,2,11,5
2012-02-12,25.2,56.1,124.0,0.0,11.8,57.1,18.7,2012,2,12,6
2012-02-13,32.6,55.7,159.3,0.0,25.7,26.7,7.8,2012,2,13,0
2012-02-14,40.0,75.4,84.6,0.0,35.5,92.3,6.9,2012,2,14,1
2012-02-15,42.3,78.1,133.7,0.0,37.4,26.2,9.0,2012,2,15,2
2012-02-16,41.3,91.9,29.7,0.1,36.7,84.6,7.5,2012,2,16,3
2012-02-17,43.7,78.2,145.6,0.0,38.9,44.5,9.2,2012,2,17,4
2012-02-18,42.6,74.9,159.4,0.0,38.4,44.9,9.0,2012,2,18,5
2012-02-19,38.1,71.7,84.0,0.2,31.9,97.8,8.6,2012,2,19,6
2012-02-20,35.6,76.4,154.7,0.0,29.0,40.5,9.4,2012,2,20,0
2012-02-21,38.7,80.0,120.9,0.0,32.4,39.5,10.9,2012,2,21,1
2012-02-22,49.5,80.3,135.3,0.3,45.6,59.8,10.0,2012,2,22,2
2012-02-23,52.1,81.8,91.1,0.0,49.2,82.2,8.5,2012,2,23,3
2012-02-24,50.7,89.3,79.5,1.0,47.0,89.0,10.7,2012,2,24,4
2012-02-25,36.5,64.7,149.0,0.0,26.6,25.0,17.9,2012,2,25,5
2012-02-26,36.7,63.3,186.5,0.0,30.7,0.8,7.9,2012,2,26,6
2012-02-27,45.4,72.7,169.9,0.0,40.1,13.8,11.5,2012,2,27,0
2012-02-28,43.0,63.9,191.0,0.0,38.3,7.5,8.2,2012,2,28,1
2012-02-29,46.9,92.7,18.8,1.6,42.3,81.4,10.0,2012,2,29,2
2012-03-01,53.0,84.6,93.2,0.1,50.0,41.3,9.8,2012,3,1,3
2012-03-02,45.1,83.5,158.5,0.2,41.1,48.7,8.7,2012,3,2,4
2012-03-03,48.7,80.4,73.5,0.2,45.0,92.5,9.0,2012,3,3,5
2012-03-04,39.5,63.6,116.4,0.0,32.9,74.0,10.4,2012,3,4,6
2012-03-05,34.7,67.3,94.1,0.0,28.3,51.6,8.3,2012,3,5,0
2012-03-06,35.8,61.7,205.7,0.0,30.7,0.0,6.7,2012,3,6,1
2012-03-07,49.6,76.1,195.8,0.0,44.4,20.2,14.1,2012,3,7,2
2012-03-08,59.6,79.7,126.9,0.0,56.6,72.8,17.5,2012,3,8,3
2012-03-09,46.6,64.6,118.0,0.2,41.0,84.6,12.9,2012,3,9,4
2012-03-10,36.8,54.2,215.5,0.0,31.7,26.3,6.7,2012,3,10,5
2012-03-11,44.4,67.8,213.8,0.0,39.7,31.9,9.2,2012,3,11,6
2012-03-12,54.2,73.1,134.0,0.0,51.6,79.8,9.2,2012,3,12,0
2012-03-13,63.9,82.5,176.4,0.3,63.6,48.8,10.0,2012,3,13,1
2012-03-14,63.9,67.1,197.4,0.0,64.0,27.4,6.3,2012,3,14,2
2012-03-15,62.9,75.4,218.3,0.0,62.6,21.6,7.3,2012,3,15,3
2012-03-16,53.0,87.7,105.2,0.0,52.1,95.5,3.7,2012,3,16,4
2012-03-17,56.9,90.0,138.0,0.0,56.1,59.7,5.6,2012,3,17,5
2012-03-18,55.9,84.4,148.8,0.0,55.0,54.0,5.4,2012,3,18,6
2012-03-19,59.7,93.1,63.9,0.2,59.1,76.9,6.3,2012,3,19,0
2012-03-20,61.9,92.1,101.5,0.1,61.8,84.6,5.5,2012,3,20,1
2012-03-21,60.9,93.1,60.7,0.0,60.9,97.7,3.4,2012,3,21,2
2012-03-22,62.8,94.5,80.2,0.2,62.8,85.9,3.8,2012,3,22,3
2012-03-23,66.7,86.1,148.0,0.0,67.5,77.2,5.3,2012,3,23,4
2012-03-24,58.1,95.7,29.8,0.5,56.2,99.9,9.8,2012,3,24,5
2012-03-25,54.2,91.1,89.2,0.1,52.0,92.2,7.8,2012,3,25,6
2012-03-26,50.1,64.5,250.2,0.0,44.8,18.9,16.0,2012,3,26,0
2012-03-27,41.6,49.4,254.1,0.0,37.1,7.0,7.0,2012,3,27,1
2012-03-28,57.7,71.7,199.0,0.2,55.2,48.8,12.9,2012,3,28,2
2012-03-29,53.4,70.2,147.4,0.0,50.1,42.6,10.7,2012,3,29,3
2012-03-30,47.0,77.5,155.0,0.0,44.0,52.9,6.5,2012,3,30,4
2012-03-31,49.7,87.5,107.0,0.0,46.3,88.8,8.8,2012,3,31,5
2012-04-01,50.6,81.6,108.0,0.3,49.0,92.1,5.3,2012,4,1,6
2012-04-02,49.4,68.7,261.7,0.1,45.1,28.2,11.6,2012,4,2,0
2012-04-03,53.5,53.9,252.8,0.0,51.9,12.3,5.2,2012,4,3,1
2012-04-04,60.9,65.4,164.5,0.0,60.6,67.8,8.8,2012,4,4,2
2012-04-05,51.0,61.8,193.2,0.0,49.0,57.1,5.3,2012,4,5,3
2012-04-06,47.7,52.6,276.8,0.0,43.0,7.7,10.8,2012,4,6,4
2012-04-07,50.1,47.2,280.1,0.0,46.7,0.0,9.1,2012,4,7,5
2012-04-08,54.7,51.1,252.2,0.0,52.4,16.7,9.5,2012,4,8,6
2012-04-09,53.5,52.8,234.8,0.1,50.1,37.2,11.5,2012,4,9,0
2012-04-10,51.3,60.3,155.0,0.0,47.7,50.7,10.3,2012,4,10,1
2012-04-11,44.2,63.2,195.0,0.0,38.5,47.9,11.1,2012,4,11,2
2012-04-12,48.7,61.1,227.8,0.0,44.8,38.7,9.5,2012,4,12,3
2012-04-13,52.1,55.6,276.2,0.0,50.5,32.0,4.8,2012,4,13,4
2012-04-14,59.8,54.8,211.5,0.0,59.1,69.2,8.9,2012,4,14,5
2012-04-15,68.0,69.0,176.8,0.1,68.5,75.0,9.4,2012,4,15,6
2012-04-16,73.8,63.5,283.9,0.0,75.1,25.5,10.5,2012,4,16,0
2012-04-17,64.0,55.9,114.3,0.0,63.1,68.7,10.3,2012,4,17,1
2012-04-18,53.2,77.3,71.2,0.3,51.4,98.9,6.7,2012,4,18,2
2012-04-19,57.8,74.7,257.4,0.0,57.5,43.8,3.0,2012,4,19,3
2012-04-20,60.3,75.4,289.7,0.0,60.8,10.4,5.1,2012,4,20,4
2012-04-21,63.4,79.7,220.9,0.3,62.9,56.7,9.8,2012,4,21,5
2012-04-22,47.2,93.0,27.9,1.7,41.1,100.0,14.7,2012,4,22,6
2012-04-23,42.5,85.6,100.8,0.1,35.8,94.0,13.1,2012,4,23,0
2012-04-24,50.1,61.2,231.2,0.0,46.7,73.8,9.1,2012,4,24,1
2012-04-25,54.3,58.2,294.8,0.0,52.9,36.6,5.8,2012,4,25,2
2012-04-26,57.9,89.5,67.0,0.2,56.5,87.5,7.8,2012,4,26,3
2012-04-27,51.5,61.0,268.1,0.0,47.5,20.0,11.8,2012,4,27,4
2012-04-28,50.2,60.3,220.2,0.3,48.6,57.1,4.2,2012,4,28,5
2012-04-29,53.5,75.0,305.6,0.1,52.8,50.8,3.2,2012,4,29,6
2012-04-30,55.5,68.0,143.8,0.0,53.3,84.5,8.9,2012,4,30,0
2012-05-01,69.4,81.1,196.7,0.1,69.9,85.3,8.4,2012,5,1,1
2012-05-02,64.6,82.8,229.9,0.0,65.4,72.3,5.0,2012,5,2,2
2012-05-03,64.1,83.4,195.2,0.0,64.7,63.5,5.1,2012,5,3,3
2012-05-04,71.4,79.6,224.4,0.1,73.2,70.4,3.1,2012,5,4,4
2012-05-05,67.8,88.1,233.5,0.5,69.2,61.6,6.0,2012,5,5,5
2012-05-06,61.9,87.5,139.8,0.0,61.5,85.8,6.5,2012,5,6,6
2012-05-07,60.8,74.8,136.1,0.0,59.8,90.5,9.6,2012,5,7,0
2012-05-08,64.9,81.3,148.7,0.3,64.7,90.8,12.0,2012,5,8,1
2012-05-09,66.2,82.8,177.7,0.4,66.8,99.8,6.5,2012,5,9,2
2012-05-10,57.6,66.2,322.7,0.0,55.3,13.4,11.3,2012,5,10,3
2012-05-11,58.9,50.9,330.7,0.0,57.4,0.0,8.0,2012,5,11,4
2012-05-12,63.6,56.9,273.8,0.0,63.8,48.3,5.3,2012,5,12,5
2012-05-13,66.8,72.4,231.4,0.2,67.1,84.1,7.5,2012,5,13,6
2012-05-14,64.4,87.5,119.2,0.5,64.1,99.1,8.0,2012,5,14,0
2012-05-15,69.1,90.4,200.6,0.9,70.4,87.4,5.9,2012,5,15,1
2012-05-16,70.0,73.9,209.5,0.0,70.9,77.0,4.8,2012,5,16,2
2012-05-17,62.5,63.0,289.8,0.0,62.3,57.5,8.8,2012,5,17,3
2012-05-18,61.2,67.1,291.7,0.0,61.6,32.2,6.1,2012,5,18,4
2012-05-19,63.6,65.1,300.1,0.0,63.9,41.7,4.8,2012,5,19,5
2012-05-20,67.1,70.8,323.9,0.1,67.8,13.3,9.4,2012,5,20,6
2012-05-21,65.4,94.9,68.1,0.5,65.3,92.7,7.2,2012,5,21,0
2012-05-22,68.1,90.1,220.4,0.2,69.5,76.5,3.8,2012,5,22,1
2012-05-23,69.1,91.0,161.0,0.3,70.5,89.3,3.5,2012,5,23,2
2012-05-24,69.7,89.9,226.7,0.2,71.3,59.2,6.1,2012,5,24,3
2012-05-25,73.5,82.3,255.2,0.0,75.6,44.9,5.2,2012,5,25,4
2012-05-26,74.0,82.0,207.3,0.0,76.7,55.8,6.3,2012,5,26,5
2012-05-27,74.9,79.7,234.2,0.0,77.8,37.8,6.8,2012,5,27,6
2012-05-28,79.1,72.5,322.7,0.0,82.7,12.8,6.9,2012,5,28,0
2012-05-29,79.3,68.0,326.8,0.0,82.8,17.8,9.2,2012,5,29,1
2012-05-30,70.9,76.6,159.5,0.0,72.4,86.3,4.1,2012,5,30,2
2012-05-31,71.6,60.2,327.8,0.0,72.0,8.2,6.2,2012,5,31,3
2012-06-01,71.9,82.1,248.5,1.4,73.7,58.3,11.3,2012,6,1,4
2012-06-02,63.7,65.3,309.7,0.0,64.2,30.3,7.6,2012,6,2,5
2012-06-03,67.5,54.0,315.0,0.0,68.0,34.3,7.8,2012,6,3,6
2012-06-04,64.5,66.6,301.0,0.1,65.4,28.5,9.7,2012,6,4,0
2012-06-05,60.9,75.3,252.8,0.1,60.3,74.8,6.0,2012,6,5,1
2012-06-06,63.6,75.3,238.8,0.0,64.6,62.2,3.7,2012,6,6,2
2012-06-07,66.9,69.3,264.7,0.0,67.7,25.6,4.9,2012,6,7,3
2012-06-08,69.8,56.5,341.7,0.0,70.1,13.8,5.8,2012,6,8,4
2012-06-09,74.7,51.2,323.5,0.0,75.6,17.8,6.3,2012,6,9,5
2012-06-10,77.0,56.3,250.7,0.0,78.8,44.0,4.6,2012,6,10,6
2012-06-11,77.1,62.0,248.0,0.0,78.6,81.9,6.8,2012,6,11,0
2012-06-12,71.1,94.7,37.9,1.2,74.7,98.3,7.9,2012,6,12,1
2012-06-13,70.4,64.2,245.8,0.0,71.7,79.8,11.4,2012,6,13,2
2012-06-14,67.5,81.5,98.3,0.0,69.0,63.9,7.3,2012,6,14,3
2012-06-15,67.3,68.8,326.8,0.0,68.3,15.3,5.9,2012,6,15,4
2012-06-16,66.7,63.0,272.0,0.0,67.3,37.2,5.4,2012,6,16,5
2012-06-17,64.4,72.8,318.0,0.0,65.6,41.6,5.9,2012,6,17,6
2012-06-18,65.1,80.3,153.9,0.3,65.9,80.0,6.0,2012,6,18,0
2012-06-19,74.9,76.2,248.1,0.0,77.9,53.4,4.0,2012,6,19,1
2012-06-20,81.9,63.8,317.3,0.0,85.6,30.6,4.2,2012,6,20,2
2012-06-21,85.0,54.1,313.2,0.0,88.4,16.5,4.5,2012,6,21,3
2012-06-22,82.9,60.2,259.9,0.0,86.2,59.5,4.8,2012,6,22,4
2012-06-23,76.0,61.7,335.8,0.0,76.8,34.0,5.4,2012,6,23,5
2012-06-24,77.1,56.8,283.4,0.1,78.2,52.3,4.0,2012,6,24,6
2012-06-25,74.2,59.5,191.4,0.0,76.5,62.0,8.8,2012,6,25,0
2012-06-26,67.6,49.2,346.5,0.0,67.6,1.2,9.3,2012,6,26,1
2012-06-27,73.5,46.6,342.5,0.0,74.3,7.2,8.2,2012,6,27,2
2012-06-28,80.1,41.4,312.7,0.0,80.4,33.6,6.5,2012,6,28,3
2012-06-29,88.2,50.8,332.8,0.0,92.7,15.9,6.1,2012,6,29,4
2012-06-30,83.1,52.1,333.4,0.0,85.8,29.8,5.5,2012,6,30,5
2012-07-01,85.4,49.5,334.3,0.0,87.4,1.4,6.0,2012,7,1,6
2012-07-02,81.8,45.5,312.5,0.0,83.1,30.6,6.1,2012,7,2,0
2012-07-03,82.6,49.0,275.2,0.0,83.7,51.1,3.9,2012,7,3,1
2012-07-04,85.2,49.8,323.0,0.0,87.7,41.2,6.2,2012,7,4,2
2012-07-05,88.1,46.9,239.4,0.0,90.6,60.2,7.2,2012,7,5,3
2012-07-06,85.5,49.2,333.5,0.0,87.5,25.4,4.0,2012,7,6,4
2012-07-07,90.5,42.2,211.2,0.0,93.1,82.8,6.2,2012,7,7,5
2012-07-08,87.3,60.5,218.3,0.1,93.6,84.6,5.5,2012,7,8,6
2012-07-09,78.3,70.1,226.0,0.1,81.4,69.8,4.8,2012,7,9,0
2012-07-10,77.1,70.2,181.1,0.0,78.7,70.9,3.8,2012,7,10,1
2012-07-11,78.3,59.4,205.5,0.0,79.9,95.4,6.1,2012,7,11,2
2012-07-12,77.1,52.1,265.1,0.0,77.6,83.1,4.8,2012,7,12,3
2012-07-13,76.6,52.0,155.0,0.0,78.3,96.8,2.7,2012,7,13,4
2012-07-14,76.1,77.0,172.9,0.2,79.7,96.0,3.9,2012,7,14,5
2012-07-15,82.4,64.3,262.2,0.1,86.0,76.2,6.5,2012,7,15,6
2012-07-16,82.3,63.2,266.3,0.0,85.8,60.9,6.3,2012,7,16,0
2012-07-17,86.4,42.4,254.2,0.0,87.5,52.8,6.0,2012,7,17,1
2012-07-18,86.6,54.8,245.0,0.0,90.8,36.9,5.6,2012,7,18,2
2012-07-19,83.0,64.5,242.5,0.0,86.8,62.6,6.0,2012,7,19,3
2012-07-20,74.6,83.4,180.6,0.5,77.9,89.8,6.8,2012,7,20,4
2012-07-21,66.2,94.5,31.5,0.4,66.2,97.3,6.2,2012,7,21,5
2012-07-22,71.9,84.2,127.9,0.0,73.5,72.2,2.5,2012,7,22,6
2012-07-23,79.7,67.2,245.5,0.0,82.2,29.5,6.1,2012,7,23,0
2012-07-24,85.7,53.3,294.6,0.0,89.1,17.3,12.1,2012,7,24,1
2012-07-25,78.4,44.6,307.2,0.0,80.4,26.5,5.5,2012,7,25,2
2012-07-26,86.5,51.1,285.8,0.0,90.9,18.7,8.0,2012,7,26,3
2012-07-27,83.0,58.6,258.3,0.0,86.6,34.3,5.0,2012,7,27,4
2012-07-28,83.0,59.4,270.2,0.0,86.3,33.8,4.4,2012,7,28,5
2012-07-29,79.0,63.0,294.9,0.0,81.8,22.3,5.6,2012,7,29,6
2012-07-30,78.6,68.2,289.8,0.0,80.9,21.9,6.4,2012,7,30,0
2012-07-31,78.8,68.0,259.6,0.0,80.9,40.2,5.9,2012,7,31,1
2012-08-01,79.6,66.3,234.9,0.0,82.6,57.3,2.9,2012,8,1,2
2012-08-02,80.9,64.8,230.5,0.0,83.3,25.3,3.4,2012,8,2,3
2012-08-03,83.5,55.5,235.6,0.0,86.5,71.8,6.3,2012,8,3,4
2012-08-04,84.3,62.4,207.2,0.0,88.1,24.0,7.8,2012,8,4,5
2012-08-05,85.6,53.7,207.7,0.0,88.7,54.6,10.7,2012,8,5,6
2012-08-06,80.6,66.4,195.2,0.1,84.3,95.1,4.0,2012,8,6,0
2012-08-07,79.1,67.3,185.2,0.0,82.0,99.8,3.0,2012,8,7,1
2012-08-08,80.8,66.5,208.8,0.0,83.6,62.5,2.1,2012,8,8,2
2012-08-09,83.0,58.5,279.0,0.0,85.3,30.0,4.3,2012,8,9,3
2012-08-10,78.7,66.4,166.9,0.5,81.6,81.3,7.7,2012,8,10,4
2012-08-11,77.1,76.7,246.7,0.4,81.0,77.7,7.2,2012,8,11,5
2012-08-12,75.9,54.6,208.9,0.0,76.9,77.4,4.7,2012,8,12,6
2012-08-13,77.4,56.7,204.8,0.0,78.7,48.2,3.9,2012,8,13,0
2012-08-14,80.2,65.3,197.6,0.0,83.0,78.0,4.5,2012,8,14,1
2012-08-15,76.8,62.1,176.4,0.0,79.7,59.4,5.7,2012,8,15,2
2012-08-16,77.2,53.7,294.9,0.0,79.0,0.8,5.5,2012,8,16,3
2012-08-17,79.9,49.2,192.9,0.0,81.1,74.0,6.3,2012,8,17,4
2012-08-18,75.0,50.6,287.5,0.0,76.0,35.2,6.5,2012,8,18,5
2012-08-19,72.0,63.4,164.4,0.0,72.6,87.8,4.2,2012,8,19,6
2012-08-20,70.1,77.6,163.9,0.1,71.3,78.2,4.1,2012,8,20,0
2012-08-21,73.2,64.4,183.3,0.0,73.9,82.4,3.4,2012,8,21,1
2012-08-22,75.8,60.5,239.3,0.0,76.8,52.4,2.8,2012,8,22,2
2012-08-23,77.1,58.9,186.4,0.0,78.3,89.2,3.3,2012,8,23,3
2012-08-24,76.3,58.1,171.8,0.0,77.0,99.5,3.9,2012,8,24,4
2012-08-25,73.3,72.0,128.5,0.5,75.1,94.9,8.9,2012,8,25,5
2012-08-26,72.5,93.9,139.5,1.2,75.6,71.7,7.9,2012,8,26,6
2012-08-27,77.2,80.2,228.9,0.2,81.0,51.4,5.8,2012,8,27,0
2012-08-28,77.3,63.3,191.9,0.0,79.6,30.0,6.8,2012,8,28,1
2012-08-29,74.3,58.0,274.8,0.0,74.8,0.4,3.9,2012,8,29,2
2012-08-30,75.4,63.1,267.1,0.0,76.9,2.1,3.0,2012,8,30,3
2012-08-31,80.7,54.1,273.8,0.0,82.0,7.2,6.1,2012,8,31,4
2012-09-01,83.0,61.7,140.8,0.1,86.5,96.0,5.9,2012,9,1,5
2012-09-02,77.9,83.4,137.8,0.2,82.9,97.1,2.5,2012,9,2,6
2012-09-03,77.2,85.8,173.8,0.4,82.2,72.8,6.1,2012,9,3,0
2012-09-04,79.0,78.6,151.6,0.1,83.4,85.7,8.0,2012,9,4,1
2012-09-05,78.9,79.8,204.4,0.5,84.0,38.4,7.0,2012,9,5,2
2012-09-06,75.9,82.2,138.0,0.1,79.8,40.8,3.7,2012,9,6,3
2012-09-07,77.8,67.9,252.9,0.0,79.7,0.2,5.0,2012,9,7,4
2012-09-08,73.8,76.0,181.3,0.1,75.0,71.0,9.7,2012,9,8,5
2012-09-09,67.7,58.4,225.1,0.0,67.6,21.2,7.4,2012,9,9,6
2012-09-10,64.6,52.5,256.2,0.0,64.7,0.0,7.9,2012,9,10,0
2012-09-11,64.0,53.2,254.4,0.0,63.9,2.6,3.0,2012,9,11,1
2012-09-12,66.0,59.5,252.1,0.0,66.1,0.0,4.8,2012,9,12,2
2012-09-13,66.7,64.8,248.5,0.0,67.0,0.0,3.8,2012,9,13,3
2012-09-14,69.3,66.8,186.5,0.0,69.8,61.1,3.9,2012,9,14,4
2012-09-15,66.1,55.8,225.4,0.0,66.2,48.5,8.3,2012,9,15,5
2012-09-16,63.4,61.4,142.7,0.0,63.7,71.9,3.7,2012,9,16,6
2012-09-17,66.0,71.3,183.8,0.0,67.0,53.9,5.3,2012,9,17,0
2012-09-18,69.7,93.1,30.4,1.1,72.1,98.7,13.3,2012,9,18,1
2012-09-19,61.4,60.3,164.2,0.0,61.0,57.8,6.9,2012,9,19,2
2012-09-20,61.7,63.8,157.8,0.0,62.2,43.3,4.4,2012,9,20,3
2012-09-21,66.8,70.5,227.8,0.0,67.3,1.2,6.4,2012,9,21,4
2012-09-22,72.9,59.6,214.2,0.0,73.4,23.9,9.7,2012,9,22,5
2012-09-23,59.7,53.3,231.1,0.0,58.4,8.0,7.4,2012,9,23,6
2012-09-24,57.8,52.0,157.8,0.0,57.1,42.2,4.9,2012,9,24,0
2012-09-25,63.4,48.2,220.8,0.0,62.9,22.1,9.1,2012,9,25,1
2012-09-26,72.0,55.5,187.0,0.0,72.6,53.9,9.4,2012,9,26,2
2012-09-27,73.6,63.1,162.2,0.0,75.2,71.6,5.4,2012,9,27,3
2012-09-28,69.6,65.0,145.8,0.0,70.3,76.8,5.4,2012,9,28,4
2012-09-29,60.7,61.2,135.6,0.0,60.2,66.1,6.8,2012,9,29,5
2012-09-30,59.9,64.5,166.2,0.0,60.0,40.8,5.9,2012,9,30,6
2012-10-01,59.7,73.1,100.5,0.0,59.2,86.0,4.2,2012,10,1,0
2012-10-02,67.6,96.1,45.3,1.0,69.4,93.9,4.4,2012,10,2,1
2012-10-03,73.6,79.9,134.5,0.0,76.7,91.0,3.8,2012,10,3,2
2012-10-04,70.2,80.0,91.1,0.0,71.6,56.2,5.0,2012,10,4,3
2012-10-05,69.0,58.1,199.0,0.0,69.4,0.0,6.2,2012,10,5,4
2012-10-06,63.6,63.5,144.1,0.0,63.5,30.6,10.2,2012,10,6,5
2012-10-07,50.3,80.3,14.5,0.2,48.2,76.5,5.8,2012,10,7,6
2012-10-08,47.3,76.9,58.6,0.0,44.1,80.0,6.7,2012,10,8,0
2012-10-09,52.7,91.4,44.2,0.2,50.7,98.4,6.2,2012,10,9,1
2012-10-10,58.4,70.2,159.2,0.0,57.2,33.1,7.4,2012,10,10,2
2012-10-11,51.5,52.3,192.4,0.0,48.7,0.4,7.5,2012,10,11,3
2012-10-12,51.8,56.8,185.0,0.0,48.9,9.6,9.6,2012,10,12,4
2012-10-13,48.6,48.1,174.1,0.0,45.9,34.8,6.3,2012,10,13,5
2012-10-14,62.1,57.4,167.6,0.0,61.0,37.2,13.0,2012,10,14,6
2012-10-15,62.7,81.8,41.2,0.5,61.4,80.5,12.5,2012,10,15,0
2012-10-16,53.4,68.6,180.2,0.0,51.2,2.1,8.0,2012,10,16,1
2012-10-17,54.9,73.0,121.8,0.0,54.2,55.3,4.8,2012,10,17,2
2012-10-18,61.1,75.3,107.9,0.0,60.0,50.3,9.8,2012,10,18,3
2012-10-19,65.1,80.0,115.8,0.5,65.8,50.4,7.0,2012,10,19,4
2012-10-20,56.7,59.8,132.4,0.0,55.4,27.9,6.8,2012,10,20,5
2012-10-21,54.7,63.0,170.0,0.0,52.4,1.0,8.3,2012,10,21,6
2012-10-22,56.6,59.4,164.3,0.0,55.3,9.8,6.0,2012,10,22,0
2012-10-23,64.6,58.1,135.3,0.0,64.5,63.8,5.8,2012,10,23,1
2012-10-24,66.8,64.4,118.6,0.0,67.1,39.5,3.6,2012,10,24,2
2012-10-25,63.2,83.2,116.1,0.0,63.5,28.0,7.0,2012,10,25,3
2012-10-26,63.1,87.3,49.2,0.0,63.0,97.1,5.5,2012,10,26,4
2012-10-27,61.9,71.1,90.8,0.0,60.9,99.2,9.7,2012,10,27,5
2012-10-28,56.0,83.2,26.3,0.6,52.4,100.0,14.6,2012,10,28,6
2012-10-29,48.3,93.2,4.6,4.9,40.2,100.0,27.0,2012,10,29,0
2012-10-30,39.1,97.3,35.0,0.8,31.4,99.1,14.2,2012,10,30,1
2012-10-31,44.4,85.6,65.5,0.0,40.2,91.5,7.7,2012,10,31,2
2012-11-01,45.0,81.1,49.9,0.1,40.4,83.5,8.5,2012,11,1,3
2012-11-02,44.1,74.2,108.0,0.0,38.4,38.2,11.2,2012,11,2,4
2012-11-03,43.1,69.8,84.9,0.0,36.9,68.9,12.1,2012,11,3,5
2012-11-04,41.4,71.2,99.7,0.0,37.0,33.4,6.8,2012,11,4,6
2012-11-05,39.8,67.5,100.8,0.0,34.4,41.3,8.0,2012,11,5,0
2012-11-06,38.0,67.2,115.5,0.0,33.1,60.3,6.9,2012,11,6,1
2012-11-07,38.8,66.9,45.5,0.1,31.7,99.6,11.1,2012,11,7,2
2012-11-08,41.9,54.4,106.7,0.0,34.8,46.2,13.7,2012,11,8,3
2012-11-09,44.2,69.0,134.4,0.0,39.9,0.0,8.8,2012,11,9,4
2012-11-10,48.5,73.2,112.8,0.0,46.6,38.4,5.2,2012,11,10,5
2012-11-11,52.8,75.9,131.4,0.0,50.6,8.8,7.2,2012,11,11,6
2012-11-12,58.5,88.0,53.5,0.1,56.6,81.6,10.5,2012,11,12,0
2012-11-13,43.8,77.0,65.7,0.7,38.0,54.8,11.2,2012,11,13,1
2012-11-14,38.5,70.2,129.2,0.0,33.5,23.0,7.2,2012,11,14,2
2012-11-15,41.4,75.3,64.0,0.0,38.1,97.7,5.2,2012,11,15,3
2012-11-16,42.5,68.0,85.8,0.0,38.4,50.8,6.8,2012,11,16,4
2012-11-17,41.9,70.8,125.4,0.0,37.2,19.1,7.5,2012,11,17,5
2012-11-18,44.5,81.7,69.9,0.0,39.7,96.1,9.0,2012,11,18,6
2012-11-19,46.2,82.1,36.9,0.0,41.8,96.5,9.0,2012,11,19,0
2012-11-20,45.9,82.2,37.4,0.0,43.6,89.2,5.1,2012,11,20,1
2012-11-21,43.7,70.6,118.8,0.0,40.2,2.4,6.3,2012,11,21,2
2012-11-22,43.3,72.8,119.6,0.0,40.5,0.0,4.7,2012,11,22,3
2012-11-23,45.4,73.1,96.5,0.0,41.7,26.9,8.1,2012,11,23,4
2012-11-24,36.1,57.9,95.8,0.0,27.3,26.8,14.2,2012,11,24,5
2012-11-25,34.5,56.2,85.5,0.0,28.0,22.3,7.9,2012,11,25,6
2012-11-26,40.6,62.5,112.8,0.0,37.6,17.3,4.7,2012,11,26,0
2012-11-27,38.9,91.5,21.7,0.2,33.7,92.4,7.5,2012,11,27,1
2012-11-28,37.0,72.8,107.2,0.0,31.1,20.8,8.1,2012,11,28,2
2012-11-29,38.6,66.7,111.5,0.0,33.6,0.6,6.9,2012,11,29,3
2012-11-30,39.7,80.1,96.7,0.0,36.6,31.3,4.6,2012,11,30,4
2012-12-01,40.6,91.1,65.2,0.0,37.7,51.9,4.5,2012,12,1,5
2012-12-02,47.0,88.0,63.8,0.1,44.1,71.5,7.4,2012,12,2,6
2012-12-03,57.1,85.6,100.0,0.0,56.0,36.0,5.6,2012,12,3,0
2012-12-04,58.7,81.2,62.7,0.0,57.4,84.0,8.4,2012,12,4,1
2012-12-05,51.1,59.5,64.8,0.0,46.6,55.3,13.2,2012,12,5,2
2012-12-06,35.2,63.7,91.0,0.0,30.0,40.9,6.2,2012,12,6,3
2012-12-07,42.6,89.0,30.9,0.2,38.6,96.9,6.6,2012,12,7,4
2012-12-08,50.2,92.0,60.6,0.0,48.9,69.3,4.5,2012,12,8,5
2012-12-09,48.6,94.0,15.8,0.2,45.3,90.4,7.6,2012,12,9,6
2012-12-10,57.2,93.5,20.2,0.1,54.9,98.6,11.1,2012,12,10,0
2012-12-11,44.9,70.8,39.9,0.0,40.0,91.7,10.1,2012,12,11,1
2012-12-12,40.1,65.5,58.0,0.0,35.8,99.3,6.2,2012,12,12,2
2012-12-13,37.8,61.7,103.8,0.0,33.2,27.1,6.7,2012,12,13,3
2012-12-14,37.7,68.9,103.7,0.0,33.6,3.6,5.7,2012,12,14,4
2012-12-15,41.0,74.8,62.7,0.0,37.5,69.0,5.9,2012,12,15,5
2012-12-16,46.6,95.6,26.7,0.2,43.5,97.2,6.3,2012,12,16,6
2012-12-17,49.9,95.6,30.9,0.2,47.7,99.4,6.0,2012,12,17,0
2012-12-18,48.4,79.8,82.1,0.0,43.4,26.2,12.4,2012,12,18,1
2012-12-19,44.4,73.7,81.0,0.0,40.6,61.2,7.1,2012,12,19,2
2012-12-20,43.0,77.1,48.5,0.5,37.6,94.8,11.8,2012,12,20,3
2012-12-21,40.6,73.9,64.2,0.9,31.8,89.2,18.3,2012,12,21,4
2012-12-22,34.7,68.3,70.2,0.0,24.8,46.5,16.5,2012,12,22,5
2012-12-23,35.6,61.7,97.6,0.0,29.7,15.9,7.5,2012,12,23,6
2012-12-24,36.1,86.0,46.6,0.2,31.2,80.2,6.2,2012,12,24,0
2012-12-25,39.0,84.5,83.3,0.0,34.1,71.5,7.1,2012,12,25,1
2012-12-26,38.1,92.5,5.0,1.2,29.4,99.7,16.3,2012,12,26,2
2012-12-27,35.4,80.7,83.8,0.0,24.8,72.3,19.3,2012,12,27,3
2012-12-28,35.1,77.2,70.8,0.0,29.8,75.8,7.1,2012,12,28,4
2012-12-29,35.5,88.4,19.0,0.2,29.2,91.6,9.3,2012,12,29,5
2012-12-30,32.0,75.1,80.9,0.0,21.3,22.3,16.5,2012,12,30,6
2012-12-31,34.1,67.6,63.0,0.0,27.9,81.5,7.5,2012,12,31,0
2013-01-01,38.0,77.5,31.1,0.0,33.1,99.9,6.6,2013,1,1,1
2013-01-02,31.4,66.0,71.1,0.0,23.7,77.6,8.9,2013,1,2,2
2013-01-03,31.1,62.4,58.9,0.0,26.3,67.6,5.2,2013,1,3,3
2013-01-04,33.6,67.0,104.7,0.0,25.7,7.0,10.2,2013,1,4,4
2013-01-05,33.9,71.8,102.5,0.0,27.5,36.1,7.7,2013,1,5,5
2013-01-06,39.4,77.2,103.9,0.0,35.6,48.0,5.6,2013,1,6,6
2013-01-07,37.7,77.1,105.3,0.0,32.2,18.3,8.2,2013,1,7,0
2013-01-08,38.5,82.8,93.6,0.0,33.1,20.0,7.8,2013,1,8,1
2013-01-09,43.2,88.2,58.8,0.0,38.8,83.8,8.0,2013,1,9,2
2013-01-10,42.8,68.1,62.9,0.0,38.4,94.1,7.5,2013,1,10,3
2013-01-11,41.1,87.2,31.5,0.3,37.9,98.9,5.1,2013,1,11,4
2013-01-12,45.3,93.4,48.5,0.0,44.7,98.5,2.3,2013,1,12,5
2013-01-13,48.6,97.2,20.8,0.0,45.7,96.3,6.9,2013,1,13,6
2013-01-14,52.7,89.1,10.4,0.3,49.1,100.0,11.2,2013,1,14,0
2013-01-15,39.2,90.4,11.2,1.0,33.9,100.0,7.6,2013,1,15,1
2013-01-16,37.9,94.8,8.5,1.2,34.3,100.0,4.9,2013,1,16,2
2013-01-17,38.9,88.3,12.5,0.5,35.4,100.0,5.0,2013,1,17,3
2013-01-18,31.6,69.5,118.2,0.0,23.9,26.1,10.0,2013,1,18,4
2013-01-19,37.7,80.3,118.5,0.0,29.0,0.5,14.8,2013,1,19,5
2013-01-20,40.9,70.4,112.0,0.0,33.6,4.7,13.5,2013,1,20,6
2013-01-21,33.7,61.8,85.1,0.0,26.2,48.8,9.9,2013,1,21,0
2013-01-22,20.7,38.2,125.1,0.0,7.7,1.6,14.1,2013,1,22,1
2013-01-23,19.7,40.0,117.4,0.0,10.8,24.7,7.5,2013,1,23,2
2013-01-24,20.9,64.0,74.7,0.0,9.7,67.8,10.8,2013,1,24,3
2013-01-25,19.4,78.1,48.7,0.1,11.3,79.2,6.4,2013,1,25,4
2013-01-26,24.6,86.3,75.0,0.0,18.4,81.4,5.4,2013,1,26,5
2013-01-27,26.6,86.5,122.2,0.0,21.5,46.8,4.5,2013,1,27,6
2013-01-28,35.8,94.8,37.2,0.3,28.0,87.0,11.3,2013,1,28,0
2013-01-29,47.9,97.7,98.2,0.0,44.5,61.5,8.0,2013,1,29,1
2013-01-30,61.1,93.6,40.6,0.2,58.4,97.2,19.3,2013,1,30,2
2013-01-31,40.5,70.9,134.1,0.8,32.4,46.7,16.5,2013,1,31,3
2013-02-01,25.6,69.8,81.2,0.2,14.7,60.5,13.5,2013,2,1,4
2013-02-02,24.6,67.7,104.8,0.0,16.7,58.9,7.7,2013,2,2,5
2013-02-03,29.6,76.1,83.4,0.0,23.5,82.8,6.6,2013,2,3,6
2013-02-04,29.6,61.2,93.8,0.0,21.3,65.1,9.2,2013,2,4,0
2013-02-05,34.1,87.9,84.2,0.0,30.6,74.0,4.1,2013,2,5,1
2013-02-06,34.8,78.9,106.8,0.0,28.8,32.7,8.1,2013,2,6,2
2013-02-07,33.4,76.0,73.2,0.0,27.3,88.5,7.4,2013,2,7,3
2013-02-08,35.0,92.8,36.4,0.3,26.3,89.0,13.3,2013,2,8,4
2013-02-09,30.5,69.2,142.3,0.0,19.3,25.5,16.9,2013,2,9,5
2013-02-10,33.0,62.3,98.2,0.0,27.3,64.5,7.0,2013,2,10,6
2013-02-11,45.1,93.4,32.0,0.3,39.3,99.7,12.5,2013,2,11,0
2013-02-12,43.8,73.1,150.9,0.0,39.2,39.5,8.7,2013,2,12,1
2013-02-13,38.2,81.6,94.6,0.3,32.2,86.7,8.5,2013,2,13,2
2013-02-14,37.6,81.2,162.2,0.0,32.2,5.8,7.3,2013,2,14,3
2013-02-15,42.2,81.2,160.9,0.2,38.1,23.9,7.1,2013,2,15,4
2013-02-16,34.4,89.8,67.1,0.2,28.0,99.4,8.4,2013,2,16,5
2013-02-17,27.7,52.8,118.3,0.0,15.4,63.7,16.8,2013,2,17,6
2013-02-18,29.9,45.6,168.5,0.0,21.4,11.2,9.6,2013,2,18,0
2013-02-19,37.6,85.5,33.4,0.2,29.3,59.9,14.0,2013,2,19,1
2013-02-20,30.0,64.0,129.3,0.0,20.2,38.2,12.7,2013,2,20,2
2013-02-21,29.7,53.7,164.5,0.0,19.5,53.5,13.0,2013,2,21,3
2013-02-22,31.4,70.6,55.3,0.1,25.5,98.9,6.5,2013,2,22,4
2013-02-23,36.5,97.0,30.2,0.2,31.7,100.0,6.2,2013,2,23,5
2013-02-24,39.2,75.3,175.0,0.0,31.9,32.8,12.2,2013,2,24,6
2013-02-25,35.1,64.2,114.9,0.0,30.1,41.5,5.9,2013,2,25,0
2013-02-26,38.8,86.9,63.2,0.7,32.6,90.8,12.4,2013,2,26,1
2013-02-27,46.0,83.9,122.9,0.1,41.9,79.9,8.9,2013,2,27,2
2013-02-28,40.8,72.2,120.5,0.0,35.2,77.0,9.1,2013,2,28,3
2013-03-01,38.3,75.5,129.7,0.0,31.4,44.1,10.4,2013,3,1,4
2013-03-02,33.2,68.4,129.4,0.0,25.1,58.4,10.4,2013,3,2,5
2013-03-03,32.7,60.0,122.7,0.0,23.4,59.6,13.2,2013,3,3,6
2013-03-04,32.3,56.6,177.6,0.0,22.6,13.3,13.4,2013,3,4,0
2013-03-05,36.9,60.3,167.1,0.1,31.4,56.9,7.2,2013,3,5,1
2013-03-06,34.4,97.3,25.8,1.8,23.2,95.0,20.4,2013,3,6,2
2013-03-07,38.4,84.2,203.7,0.0,30.6,26.8,13.0,2013,3,7,3
2013-03-08,38.0,79.7,151.2,0.0,29.1,46.2,16.1,2013,3,8,4
2013-03-09,42.4,69.1,213.8,0.0,38.4,0.9,6.9,2013,3,9,5
2013-03-10,44.8,70.8,197.3,0.0,41.4,34.4,7.2,2013,3,10,6
2013-03-11,49.3,84.8,126.2,0.0,44.9,84.6,11.4,2013,3,11,0
2013-03-12,49.0,90.0,18.8,0.9,44.0,79.0,13.7,2013,3,12,1
2013-03-13,39.1,73.1,163.7,0.0,32.8,29.5,10.2,2013,3,13,2
2013-03-14,34.9,57.4,220.4,0.0,25.9,5.1,14.0,2013,3,14,3
2013-03-15,41.2,64.1,160.1,0.0,36.2,47.2,8.8,2013,3,15,4
2013-03-16,41.3,91.6,28.3,0.4,36.3,89.4,8.4,2013,3,16,5
2013-03-17,36.4,80.6,59.4,0.0,31.6,98.0,6.2,2013,3,17,6
2013-03-18,35.6,84.5,41.2,0.4,30.2,99.8,7.1,2013,3,18,0
2013-03-19,41.7,78.0,159.2,0.0,36.9,46.8,8.8,2013,3,19,1
2013-03-20,40.7,56.0,227.5,0.0,35.0,36.4,9.5,2013,3,20,2
2013-03-21,32.1,60.2,130.5,0.0,23.0,76.8,12.2,2013,3,21,3
2013-03-22,34.6,52.5,218.8,0.0,26.9,12.0,10.7,2013,3,22,4
2013-03-23,38.5,62.7,243.2,0.0,33.4,3.1,7.4,2013,3,23,5
2013-03-24,36.0,71.9,105.6,0.3,31.6,90.8,5.7,2013,3,24,6
2013-03-25,33.8,96.8,54.4,0.6,28.0,98.4,6.8,2013,3,25,0
2013-03-26,38.9,82.6,212.2,0.0,32.4,48.5,10.3,2013,3,26,1
2013-03-27,39.9,75.5,220.8,0.0,32.5,32.4,13.2,2013,3,27,2
2013-03-28,40.9,72.5,150.7,0.0,34.2,45.6,11.9,2013,3,28,3
2013-03-29,44.5,71.3,191.0,0.0,40.6,56.8,6.9,2013,3,29,4
2013-03-30,46.9,64.3,252.2,0.0,45.8,35.7,3.4,2013,3,30,5
2013-03-31,47.7,87.0,49.7,0.3,43.5,88.3,9.3,2013,3,31,6
2013-04-01,47.7,73.5,221.4,0.0,43.1,23.9,11.4,2013,4,1,0
2013-04-02,39.0,52.3,268.5,0.0,33.1,0.5,9.5,2013,4,2,1
2013-04-03,38.8,44.3,264.5,0.0,33.0,22.6,9.1,2013,4,3,2
2013-04-04,38.0,54.7,156.8,0.2,33.7,86.5,6.1,2013,4,4,3
2013-04-05,47.0,71.8,184.0,0.3,43.6,61.3,8.1,2013,4,5,4
2013-04-06,43.5,56.8,275.1,0.0,38.8,16.3,8.1,2013,4,6,5
2013-04-07,52.4,68.9,206.3,0.0,48.5,75.5,12.2,2013,4,7,6
2013-04-08,64.3,72.2,185.8,0.0,64.8,74.0,8.8,2013,4,8,0
2013-04-09,69.8,74.5,197.3,0.2,70.9,72.6,7.9,2013,4,9,1
2013-04-10,73.7,63.8,188.3,0.0,75.5,63.3,9.3,2013,4,10,2
2013-04-11,68.0,74.5,177.1,0.0,68.3,82.2,7.4,2013,4,11,3
2013-04-12,59.7,91.1,113.6,0.7,58.6,79.1,9.2,2013,4,12,4
2013-04-13,52.9,77.1,159.2,0.0,51.6,44.0,5.2,2013,4,13,5
2013-04-14,54.6,68.0,245.7,0.0,52.8,47.1,6.5,2013,4,14,6
2013-04-15,56.5,79.9,168.3,0.0,54.3,79.8,9.4,2013,4,15,0
2013-04-16,61.1,85.3,141.5,0.0,60.3,73.6,9.7,2013,4,16,1
2013-04-17,64.2,86.8,126.2,0.0,64.5,89.7,7.3,2013,4,17,2
2013-04-18,63.1,85.5,104.8,0.0,62.6,70.2,11.7,2013,4,18,3
2013-04-19,64.8,86.8,86.4,1.8,64.3,91.9,15.6,2013,4,19,4
2013-04-20,50.2,63.5,223.5,0.0,46.3,51.6,9.8,2013,4,20,5
2013-04-21,44.1,60.4,237.6,0.0,39.8,42.1,7.5,2013,4,21,6
2013-04-22,45.0,74.0,211.2,0.0,40.5,57.8,9.0,2013,4,22,0
2013-04-23,49.2,83.1,132.2,0.0,46.5,79.1,6.1,2013,4,23,1
2013-04-24,58.0,82.7,139.5,0.0,56.4,76.5,11.5,2013,4,24,2
2013-04-25,51.5,60.1,310.5,0.0,48.9,13.8,7.0,2013,4,25,3
2013-04-26,54.5,59.6,297.7,0.0,52.9,30.8,6.1,2013,4,26,4
2013-04-27,57.0,65.2,303.2,0.0,56.1,39.9,5.9,2013,4,27,5
2013-04-28,55.6,68.5,153.5,0.2,53.8,82.2,7.7,2013,4,28,6
2013-04-29,55.0,96.3,23.4,0.5,52.3,99.7,9.5,2013,4,29,0
2013-04-30,54.9,91.0,60.2,0.1,52.9,96.7,7.8,2013,4,30,1
2013-05-01,56.4,71.3,308.3,0.0,54.5,29.0,8.5,2013,5,1,2
2013-05-02,53.8,80.4,197.5,0.0,52.4,64.9,5.8,2013,5,2,3
2013-05-03,52.7,77.1,256.5,0.0,50.3,53.2,8.7,2013,5,3,4
2013-05-04,51.6,79.0,180.5,0.0,49.4,66.2,7.2,2013,5,4,5
2013-05-05,49.2,84.0,170.4,0.0,45.9,80.8,8.0,2013,5,5,6
2013-05-06,53.8,92.9,63.8,0.0,50.7,97.5,10.8,2013,5,6,0
2013-05-07,57.8,96.9,37.2,1.0,55.2,99.5,12.3,2013,5,7,1
2013-05-08,58.9,92.5,161.1,0.2,58.6,81.2,4.8,2013,5,8,2
2013-05-09,61.6,83.1,232.8,0.0,62.6,48.5,4.5,2013,5,9,3
2013-05-10,69.5,71.6,236.4,0.0,70.7,76.5,6.0,2013,5,10,4
2013-05-11,67.4,86.7,222.8,0.6,68.9,85.4,7.9,2013,5,11,5
2013-05-12,57.0,59.1,323.0,0.0,54.7,29.6,10.5,2013,5,12,6
2013-05-13,49.8,51.6,285.7,0.0,46.7,36.1,8.3,2013,5,13,0
2013-05-14,52.3,56.2,254.0,0.0,50.6,55.0,5.4,2013,5,14,1
2013-05-15,68.6,63.0,269.7,0.0,69.2,52.8,9.7,2013,5,15,2
2013-05-16,73.0,61.1,244.6,0.0,75.1,69.7,8.7,2013,5,16,3
2013-05-17,69.8,60.2,249.5,0.0,70.9,65.1,5.8,2013,5,17,4
2013-05-18,61.5,83.6,88.5,0.2,60.6,98.4,8.6,2013,5,18,5
2013-05-19,65.0,93.1,117.1,0.2,65.8,78.6,6.0,2013,5,19,6
2013-05-20,71.1,91.3,241.9,0.5,73.3,77.2,7.2,2013,5,20,0
2013-05-21,72.7,84.8,214.6,0.0,74.6,62.6,7.2,2013,5,21,1
2013-05-22,75.4,79.5,267.6,0.0,78.2,53.1,8.8,2013,5,22,2
2013-05-23,71.0,90.7,236.7,0.7,73.3,71.1,8.8,2013,5,23,3
2013-05-24,55.2,73.4,116.2,0.2,51.7,63.7,13.4,2013,5,24,4
2013-05-25,53.6,51.9,343.9,0.0,49.7,3.2,13.2,2013,5,25,5
2013-05-26,57.3,53.5,345.2,0.0,55.5,11.2,7.8,2013,5,26,6
2013-05-27,60.8,59.0,238.2,0.0,61.1,69.5,3.3,2013,5,27,0
2013-05-28,69.8,75.7,199.9,0.0,71.6,88.2,7.5,2013,5,28,1
2013-05-29,77.5,65.0,253.7,0.0,80.3,49.0,8.5,2013,5,29,2
2013-05-30,77.6,65.2,294.2,0.0,80.3,43.3,6.3,2013,5,30,3
2013-05-31,77.0,64.1,320.6,0.0,78.9,37.2,8.1,2013,5,31,4
2013-06-01,78.9,67.1,312.8,0.0,82.1,11.8,8.6,2013,6,1,5
2013-06-02,75.6,76.5,215.4,0.3,79.0,77.8,11.0,2013,6,2,6
2013-06-03,70.3,87.9,138.2,0.6,71.6,96.1,5.2,2013,6,3,0
2013-06-04,63.1,58.0,346.9,0.0,63.3,21.3,5.8,2013,6,4,1
2013-06-05,65.9,65.5,277.8,0.0,66.8,52.1,5.9,2013,6,5,2
2013-06-06,65.5,83.6,121.6,0.8,66.3,82.9,7.7,2013,6,6,3
2013-06-07,67.7,97.9,18.5,3.5,67.5,99.9,8.7,2013,6,7,4
2013-06-08,69.4,80.4,293.0,0.0,70.4,30.8,4.8,2013,6,8,5
2013-06-09,70.6,86.5,217.8,0.1,72.7,61.8,5.3,2013,6,9,6
2013-06-10,72.2,96.2,159.9,1.2,75.8,92.5,9.0,2013,6,10,0
2013-06-11,73.1,76.8,321.9,0.0,75.0,19.2,8.5,2013,6,11,1
2013-06-12,76.2,74.8,268.2,0.0,79.2,70.6,6.3,2013,6,12,2
2013-06-13,75.5,77.2,226.8,0.2,79.0,81.8,11.1,2013,6,13,3
2013-06-14,68.1,65.8,329.0,0.0,68.8,38.8,8.9,2013,6,14,4
2013-06-15,69.4,69.0,332.3,0.0,70.3,15.0,4.9,2013,6,15,5
2013-06-16,72.9,74.6,218.5,0.0,75.3,77.8,7.0,2013,6,16,6
2013-06-17,75.1,83.5,179.9,0.1,78.7,81.6,5.8,2013,6,17,0
2013-06-18,70.2,95.2,59.0,0.6,73.4,84.5,4.0,2013,6,18,1
2013-06-19,68.6,81.5,251.5,0.0,69.8,70.8,5.7,2013,6,19,2
2013-06-20,68.4,74.9,335.0,0.0,69.5,23.2,6.1,2013,6,20,3
2013-06-21,68.9,73.6,333.3,0.0,69.9,47.1,5.0,2013,6,21,4
2013-06-22,71.8,78.2,303.0,0.0,73.6,56.5,5.8,2013,6,22,5
2013-06-23,72.8,93.5,172.0,0.6,76.1,64.2,4.5,2013,6,23,6
2013-06-24,76.7,75.4,273.8,0.0,80.6,34.0,5.4,2013,6,24,0
2013-06-25,79.5,69.2,306.7,0.0,83.0,20.5,6.0,2013,6,25,1
2013-06-26,78.0,75.7,268.8,0.2,82.2,54.9,4.8,2013,6,26,2
2013-06-27,74.8,85.5,246.5,0.3,78.4,67.8,6.8,2013,6,27,3
2013-06-28,76.7,75.9,263.5,0.1,80.7,35.8,6.2,2013,6,28,4
2013-06-29,76.5,69.9,333.0,0.0,79.0,16.8,4.3,2013,6,29,5
2013-06-30,76.9,87.5,287.1,0.3,82.2,49.2,7.0,2013,6,30,6
2013-07-01,75.4,93.8,226.8,0.8,80.3,87.4,8.8,2013,7,1,0
2013-07-02,74.0,93.6,130.3,0.3,78.6,93.1,9.2,2013,7,2,1
2013-07-03,76.5,91.5,228.8,0.5,82.2,83.6,8.0,2013,7,3,2
2013-07-04,79.3,78.2,329.7,0.0,84.2,8.0,8.4,2013,7,4,3
2013-07-05,80.0,75.6,325.1,0.0,85.0,14.8,8.5,2013,7,5,4
2013-07-06,81.9,73.7,322.3,0.0,87.4,25.8,7.5,2013,7,6,5
2013-07-07,80.6,71.0,251.3,0.0,85.8,61.2,7.9,2013,7,7,6
2013-07-08,76.9,70.6,242.8,0.0,80.1,61.9,5.0,2013,7,8,0
2013-07-09,75.9,81.3,88.5,0.0,80.2,74.0,5.3,2013,7,9,1
2013-07-10,78.2,83.8,139.7,0.1,83.2,78.1,7.9,2013,7,10,2
2013-07-11,77.3,81.4,244.7,0.2,82.1,69.8,3.8,2013,7,11,3
2013-07-12,70.8,94.1,121.7,0.9,73.4,99.2,7.0,2013,7,12,4
2013-07-13,75.1,87.7,224.4,0.1,78.7,59.5,4.6,2013,7,13,5
2013-07-14,79.1,80.5,212.1,0.0,84.2,58.4,4.8,2013,7,14,6
2013-07-15,81.6,68.8,323.1,0.0,86.4,4.5,4.0,2013,7,15,0
2013-07-16,82.1,64.6,322.3,0.0,86.5,14.0,5.6,2013,7,16,1
2013-07-17,82.2,65.1,323.4,0.0,86.6,16.3,4.0,2013,7,17,2
2013-07-18,85.1,67.0,307.1,0.0,91.8,18.1,3.6,2013,7,18,3
2013-07-19,85.8,65.1,311.6,0.0,92.5,16.8,6.6,2013,7,19,4
2013-07-20,83.7,66.3,250.8,0.2,89.0,60.0,8.1,2013,7,20,5
2013-07-21,80.2,74.5,263.3,0.1,85.1,51.6,3.3,2013,7,21,6
2013-07-22,78.4,84.1,186.8,0.3,84.2,86.3,4.3,2013,7,22,0
2013-07-23,77.8,76.0,312.9,0.2,82.1,14.4,6.4,2013,7,23,1
2013-07-24,76.1,69.0,210.2,0.1,79.1,56.7,7.3,2013,7,24,2
2013-07-25,69.1,71.1,277.6,0.0,70.1,29.7,7.4,2013,7,25,3
2013-07-26,72.4,71.0,318.4,0.0,73.3,5.4,3.3,2013,7,26,4
2013-07-27,74.5,76.5,208.2,0.1,77.2,82.2,7.3,2013,7,27,5
2013-07-28,75.6,82.4,206.1,0.3,80.0,76.7,6.5,2013,7,28,6
2013-07-29,71.1,59.0,323.7,0.0,71.5,0.8,5.2,2013,7,29,0
2013-07-30,72.0,58.2,276.8,0.0,72.5,44.8,4.1,2013,7,30,1
2013-07-31,71.7,77.5,154.5,0.0,73.3,83.8,5.3,2013,7,31,2
2013-08-01,72.8,90.0,180.2,0.8,76.1,54.6,5.5,2013,8,1,3
2013-08-02,75.1,65.0,301.0,0.0,76.5,14.0,5.5,2013,8,2,4
2013-08-03,73.1,71.0,149.4,0.0,74.5,87.2,3.8,2013,8,3,5
2013-08-04,70.6,62.2,284.9,0.0,71.3,14.5,8.2,2013,8,4,6
2013-08-05,70.2,61.7,276.6,0.0,70.5,30.5,4.4,2013,8,5,0
2013-08-06,67.5,91.2,72.3,0.2,67.5,75.3,5.8,2013,8,6,1
2013-08-07,73.0,90.6,166.5,0.5,76.2,73.5,7.2,2013,8,7,2
2013-08-08,77.6,81.9,184.9,0.1,82.0,93.7,9.6,2013,8,8,3
2013-08-09,81.0,77.3,213.0,0.2,87.0,80.2,9.0,2013,8,9,4
2013-08-10,75.3,67.7,193.8,0.0,77.8,54.3,4.2,2013,8,10,5
2013-08-11,75.7,72.0,275.8,0.0,78.3,29.2,4.0,2013,8,11,6
2013-08-12,77.9,72.1,283.9,0.0,80.3,48.5,3.2,2013,8,12,0
2013-08-13,77.0,76.5,161.9,0.2,80.9,83.1,6.4,2013,8,13,1
2013-08-14,66.8,57.0,297.9,0.0,67.4,25.4,10.3,2013,8,14,2
2013-08-15,66.6,58.6,299.1,0.0,66.8,22.7,5.0,2013,8,15,3
2013-08-16,67.0,67.4,283.8,0.0,67.8,36.3,4.0,2013,8,16,4
2013-08-17,68.2,70.5,135.3,0.0,69.3,72.6,5.6,2013,8,17,5
2013-08-18,65.1,91.3,25.3,0.6,65.1,99.8,5.2,2013,8,18,6
2013-08-19,67.6,87.2,138.0,0.0,68.6,85.0,4.6,2013,8,19,0
2013-08-20,74.8,74.5,276.5,0.0,77.0,12.5,3.2,2013,8,20,1
2013-08-21,78.2,73.2,185.5,0.0,80.9,85.1,5.8,2013,8,21,2
2013-08-22,78.4,66.6,270.7,0.0,81.3,39.2,5.6,2013,8,22,3
2013-08-23,73.8,64.4,135.8,0.0,75.7,75.9,5.7,2013,8,23,4
2013-08-24,70.9,63.5,283.4,0.0,71.4,1.6,6.6,2013,8,24,5
2013-08-25,68.6,64.6,186.9,0.0,69.0,62.3,4.6,2013,8,25,6
2013-08-26,74.2,54.9,262.2,0.0,74.8,41.8,7.2,2013,8,26,0
2013-08-27,79.2,63.5,230.7,0.0,83.0,48.8,5.3,2013,8,27,1
2013-08-28,73.9,90.4,61.3,0.8,78.2,79.5,4.9,2013,8,28,2
2013-08-29,75.8,78.9,266.2,0.1,79.2,22.5,6.8,2013,8,29,3
2013-08-30,75.4,73.4,265.1,0.0,77.4,10.0,6.8,2013,8,30,4
2013-08-31,79.1,66.1,250.9,0.0,82.4,11.9,8.4,2013,8,31,5
2013-09-01,80.2,69.5,248.9,0.0,83.9,35.0,5.0,2013,9,1,6
2013-09-02,78.6,75.2,198.8,0.2,82.9,56.1,5.0,2013,9,2,0
2013-09-03,75.3,61.8,197.3,0.0,77.4,18.8,8.0,2013,9,3,1
2013-09-04,70.3,60.1,268.5,0.0,70.6,0.7,6.0,2013,9,4,2
2013-09-05,72.4,53.8,227.1,0.0,73.1,40.4,7.7,2013,9,5,3
2013-09-06,65.2,52.7,260.9,0.0,65.0,8.0,5.4,2013,9,6,4
2013-09-07,67.3,69.8,254.0,0.0,67.9,28.5,4.3,2013,9,7,5
2013-09-08,74.9,61.0,209.7,0.0,76.0,37.6,7.2,2013,9,8,6
2013-09-09,68.5,63.5,151.0,0.0,69.1,51.4,6.4,2013,9,9,0
2013-09-10,79.0,70.8,174.1,0.0,82.0,54.6,6.8,2013,9,10,1
2013-09-11,81.9,63.2,218.6,0.0,85.6,27.8,6.3,2013,9,11,2
2013-09-12,79.7,66.4,212.3,0.1,82.9,46.4,6.8,2013,9,12,3
2013-09-13,69.3,62.6,140.3,0.0,70.2,48.5,9.8,2013,9,13,4
2013-09-14,58.4,63.0,202.0,0.0,57.4,13.6,6.3,2013,9,14,5
2013-09-15,62.2,63.3,205.7,0.0,62.7,58.9,4.7,2013,9,15,6
2013-09-16,65.2,70.0,124.8,0.0,65.9,54.3,7.0,2013,9,16,0
2013-09-17,57.2,58.8,246.7,0.0,55.5,4.0,7.8,2013,9,17,1
2013-09-18,57.6,66.9,242.0,0.0,57.9,23.4,3.5,2013,9,18,2
2013-09-19,62.3,73.3,236.4,0.0,62.7,2.5,4.1,2013,9,19,3
2013-09-20,66.5,69.7,233.7,0.0,66.9,1.0,5.8,2013,9,20,4
2013-09-21,66.3,84.6,93.7,0.6,67.1,80.4,8.6,2013,9,21,5
2013-09-22,63.3,65.8,228.2,0.0,63.0,36.3,9.2,2013,9,22,6
2013-09-23,56.1,62.0,231.7,0.0,54.7,6.0,6.8,2013,9,23,0
2013-09-24,56.7,64.8,232.9,0.0,56.2,0.4,4.6,2013,9,24,1
2013-09-25,61.6,60.3,155.0,0.0,61.3,73.4,4.0,2013,9,25,2
2013-09-26,63.1,68.0,143.0,0.0,63.5,70.7,4.8,2013,9,26,3
2013-09-27,63.4,71.2,95.4,0.0,63.8,86.1,4.3,2013,9,27,4
2013-09-28,61.7,70.3,139.9,0.0,61.9,55.1,5.3,2013,9,28,5
2013-09-29,61.5,74.5,116.4,0.0,61.9,57.4,4.3,2013,9,29,6
2013-09-30,62.0,69.3,183.3,0.0,62.4,34.3,2.7,2013,9,30,0
2013-10-01,67.8,66.2,110.1,0.0,68.2,57.0,4.3,2013,10,1,1
2013-10-02,71.6,64.7,183.0,0.0,71.8,47.0,5.9,2013,10,2,2
2013-10-03,72.6,66.2,146.5,0.0,73.7,61.2,4.3,2013,10,3,3
2013-10-04,72.9,71.7,197.7,0.0,73.6,4.5,2.9,2013,10,4,4
2013-10-05,76.6,65.2,193.8,0.0,78.6,22.2,4.7,2013,10,5,5
2013-10-06,76.0,66.9,186.0,0.0,77.5,29.5,8.8,2013,10,6,6
2013-10-07,65.9,78.8,35.8,1.4,67.2,78.2,12.7,2013,10,7,0
2013-10-08,58.7,59.1,117.7,0.0,57.4,98.5,8.3,2013,10,8,1
2013-10-09,57.8,72.4,71.3,0.7,55.4,99.4,11.9,2013,10,9,2
2013-10-10,55.3,94.7,23.5,0.7,51.7,99.7,14.0,2013,10,10,3
2013-10-11,60.5,96.1,16.9,0.5,58.6,99.7,12.7,2013,10,11,4
2013-10-12,62.5,94.8,20.8,0.2,61.3,99.8,11.0,2013,10,12,5
2013-10-13,59.7,92.8,23.0,0.2,58.1,94.1,10.5,2013,10,13,6
2013-10-14,58.0,85.6,144.5,0.0,57.2,31.2,5.4,2013,10,14,0
2013-10-15,60.4,78.6,169.3,0.0,60.1,41.4,5.1,2013,10,15,1
2013-10-16,63.1,86.9,79.6,0.0,63.3,87.7,3.9,2013,10,16,2
2013-10-17,65.4,81.9,108.4,0.0,66.0,53.3,6.8,2013,10,17,3
2013-10-18,55.3,68.9,176.4,0.0,53.8,18.2,6.8,2013,10,18,4
2013-10-19,56.6,84.6,72.8,0.0,55.4,81.5,7.5,2013,10,19,5
2013-10-20,51.0,64.7,175.8,0.0,48.3,0.6,7.9,2013,10,20,6
2013-10-21,53.2,65.0,171.7,0.0,51.6,13.0,6.5,2013,10,21,0
2013-10-22,56.7,61.8,117.9,0.0,55.0,72.2,7.9,2013,10,22,1
2013-10-23,50.2,60.9,91.8,0.0,47.3,70.1,7.3,2013,10,23,2
2013-10-24,44.5,59.0,160.8,0.0,39.2,14.1,10.7,2013,10,24,3
2013-10-25,43.5,62.0,163.4,0.0,38.4,1.2,9.5,2013,10,25,4
2013-10-26,45.4,53.5,163.2,0.0,40.9,7.1,10.4,2013,10,26,5
2013-10-27,48.8,61.2,135.2,0.0,46.0,21.7,7.1,2013,10,27,6
2013-10-28,51.0,72.2,139.0,0.0,49.6,33.6,3.7,2013,10,28,0
2013-10-29,52.4,74.8,152.9,0.0,50.7,40.7,5.0,2013,10,29,1
2013-10-30,55.0,95.2,32.8,0.1,54.3,93.7,4.5,2013,10,30,2
2013-10-31,63.8,79.4,82.5,0.0,63.9,99.7,11.3,2013,10,31,3
2013-11-01,66.3,75.7,51.2,0.1,66.6,65.2,12.8,2013,11,1,4
2013-11-02,57.3,67.6,134.8,0.0,55.5,16.5,8.1,2013,11,2,5
2013-11-03,46.9,59.3,112.0,0.0,41.7,17.5,12.0,2013,11,3,6
2013-11-04,38.5,51.1,125.0,0.0,33.5,44.7,6.8,2013,11,4,0
2013-11-05,48.0,77.8,51.6,0.0,46.2,97.5,5.0,2013,11,5,1
2013-11-06,57.0,82.2,92.5,0.0,55.3,56.5,8.6,2013,11,6,2
2013-11-07,54.9,79.7,37.0,0.0,51.5,74.3,12.9,2013,11,7,3
2013-11-08,42.7,57.1,130.0,0.0,37.3,17.5,9.9,2013,11,8,4
2013-11-09,44.1,57.0,130.6,0.0,39.8,12.7,9.0,2013,11,9,5
2013-11-10,48.7,56.3,129.0,0.0,43.8,8.8,12.7,2013,11,10,6
2013-11-11,47.0,58.1,117.8,0.0,42.8,33.9,9.6,2013,11,11,0
2013-11-12,39.7,58.3,44.5,0.0,32.5,85.3,12.5,2013,11,12,1
2013-11-13,34.2,60.5,87.9,0.0,27.0,29.0,9.3,2013,11,13,2
2013-11-14,40.4,50.2,106.8,0.0,36.1,26.4,6.7,2013,11,14,3
2013-11-15,45.4,56.7,84.2,0.0,42.8,71.2,5.2,2013,11,15,4
2013-11-16,49.9,90.7,64.5,0.2,48.8,94.0,3.9,2013,11,16,5
2013-11-17,55.8,94.8,29.8,0.0,53.9,99.3,9.0,2013,11,17,6
2013-11-18,58.6,58.7,117.8,0.1,56.2,36.6,12.5,2013,11,18,0
2013-11-19,42.5,58.1,118.6,0.0,36.1,21.0,12.1,2013,11,19,1
2013-11-20,37.0,60.0,81.2,0.0,31.5,51.4,7.2,2013,11,20,2
2013-11-21,42.3,84.2,44.5,0.0,40.1,85.5,4.0,2013,11,21,3
2013-11-22,54.4,89.4,60.6,0.0,52.1,97.1,8.2,2013,11,22,4
2013-11-23,41.9,59.8,100.3,0.0,34.3,51.1,15.2,2013,11,23,5
2013-11-24,26.6,45.1,72.3,0.0,14.7,56.2,15.5,2013,11,24,6
2013-11-25,28.3,39.8,80.3,0.0,20.7,50.3,8.0,2013,11,25,0
2013-11-26,37.6,81.3,18.3,1.4,31.9,99.7,8.6,2013,11,26,1
2013-11-27,35.1,86.7,17.9,0.9,24.9,84.5,17.2,2013,11,27,2
2013-11-28,30.2,56.4,113.6,0.0,22.8,0.8,9.2,2013,11,28,3
2013-11-29,32.2,66.5,112.8,0.0,26.2,0.5,7.1,2013,11,29,4
2013-11-30,30.9,76.6,80.7,0.0,26.4,58.5,4.8,2013,11,30,5
2013-12-01,34.2,84.4,106.9,0.0,31.8,21.2,3.0,2013,12,1,6
2013-12-02,38.2,89.0,71.9,0.0,35.6,55.6,3.3,2013,12,2,0
2013-12-03,42.1,86.0,75.6,0.0,40.5,43.9,3.3,2013,12,3,1
2013-12-04,46.6,96.4,25.2,0.0,44.4,84.2,5.0,2013,12,4,2
2013-12-05,56.6,97.7,19.1,0.0,54.6,99.2,9.0,2013,12,5,3
2013-12-06,50.3,91.3,7.5,0.7,45.9,99.9,11.8,2013,12,6,4
2013-12-07,36.6,81.5,63.1,0.4,29.0,93.5,11.2,2013,12,7,5
2013-12-08,29.4,84.5,8.8,0.9,21.6,93.8,8.2,2013,12,8,6
2013-12-09,33.2,98.1,27.8,0.7,29.3,97.6,4.5,2013,12,9,0
2013-12-10,30.9,93.8,24.3,0.6,23.8,69.5,7.8,2013,12,10,1
2013-12-11,27.3,89.1,103.4,0.0,22.3,2.4,4.7,2013,12,11,2
2013-12-12,25.8,81.3,78.0,0.0,16.8,19.4,9.2,2013,12,12,3
2013-12-13,31.3,66.5,98.0,0.0,25.1,33.2,6.8,2013,12,13,4
2013-12-14,35.0,89.2,23.4,1.0,28.5,99.1,8.7,2013,12,14,5
2013-12-15,35.2,87.5,95.3,0.0,27.8,35.1,10.6,2013,12,15,6
2013-12-16,31.4,77.1,73.5,0.0,24.4,54.0,7.7,2013,12,16,0
2013-12-17,34.3,94.4,42.2,0.5,29.4,98.6,5.9,2013,12,17,1
2013-12-18,32.0,85.5,90.9,0.0,25.6,46.5,7.7,2013,12,18,2
2013-12-19,40.1,80.8,82.4,0.0,33.9,53.4,10.1,2013,12,19,3
2013-12-20,48.9,81.4,63.4,0.0,44.1,88.0,12.1,2013,12,20,4
2013-12-21,58.4,88.8,71.9,0.0,55.6,78.6,14.4,2013,12,21,5
2013-12-22,64.7,90.3,33.8,0.2,64.0,95.6,15.0,2013,12,22,6
2013-12-23,54.0,90.3,7.9,1.5,50.6,100.0,11.2,2013,12,23,0
2013-12-24,33.1,67.3,76.0,0.0,23.5,57.2,13.9,2013,12,24,1
2013-12-25,26.3,50.4,100.7,0.0,18.6,2.4,7.8,2013,12,25,2
2013-12-26,31.5,64.8,72.8,0.0,25.2,21.6,6.7,2013,12,26,3
2013-12-27,35.1,71.5,101.4,0.0,29.9,0.0,6.5,2013,12,27,4
2013-12-28,40.2,71.0,100.6,0.0,34.8,31.6,8.2,2013,12,28,5
2013-12-29,43.1,91.9,5.4,1.5,38.2,76.5,9.2,2013,12,29,6
2013-12-30,37.8,81.6,61.8,0.0,31.3,73.6,9.8,2013,12,30,0
2013-12-31,32.9,64.3,86.4,0.0,26.5,42.4,8.6,2013,12,31,1
2014-01-01,28.2,59.0,0.0,0.0,25.3,1.0,3.0,2014,1,1,2
